orgId,gene_key,has_embedding
ANA3,ANA3:7022594,False
ANA3,ANA3:7022676,False
ANA3,ANA3:7022851,False
ANA3,ANA3:7022943,False
ANA3,ANA3:7023216,False
ANA3,ANA3:7023232,False
ANA3,ANA3:7023261,False
ANA3,ANA3:7023314,False
ANA3,ANA3:7023400,False
ANA3,ANA3:7023667,False
ANA3,ANA3:7023681,False
ANA3,ANA3:7024052,False
ANA3,ANA3:7024436,False
ANA3,ANA3:7024663,False
ANA3,ANA3:7024867,False
ANA3,ANA3:7025274,False
ANA3,ANA3:7025761,False
ANA3,ANA3:7025817,False
ANA3,ANA3:7026029,False
ANA3,ANA3:7026230,False
ANA3,ANA3:7026419,False
ANA3,ANA3:7026482,False
ANA3,ANA3:7026511,False
ANA3,ANA3:7026551,False
ANA3,ANA3:7026873,False
BFirm,BFirm:BPHYT_RS01395,False
BFirm,BFirm:BPHYT_RS01965,False
BFirm,BFirm:BPHYT_RS13605,False
BFirm,BFirm:BPHYT_RS14550,False
BFirm,BFirm:BPHYT_RS15290,False
BFirm,BFirm:BPHYT_RS15465,False
Btheta,Btheta:402097,False
Burk376,Burk376:H281DRAFT_00710,False
Burk376,Burk376:H281DRAFT_00747,False
Burk376,Burk376:H281DRAFT_02147,False
Burk376,Burk376:H281DRAFT_04002,False
Burk376,Burk376:H281DRAFT_04034,False
Burk376,Burk376:H281DRAFT_05861,False
Caulo,Caulo:CCNA_R0010,False
Caulo,Caulo:CCNA_R0026,False
Caulo,Caulo:CCNA_R0037,False
Caulo,Caulo:CCNA_R0047,False
Caulo,Caulo:CCNA_R0048,False
Caulo,Caulo:CCNA_R0054,False
Caulo,Caulo:CCNA_R0075,False
Cola,Cola:Echvi_1344,False
Cola,Cola:Echvi_1854,False
Cola,Cola:Echvi_2654,False
Cola,Cola:Echvi_3444,False
Cup4G11,Cup4G11:RR42_RS01505,False
Cup4G11,Cup4G11:RR42_RS15620,False
Cup4G11,Cup4G11:RR42_RS16685,False
Cup4G11,Cup4G11:RR42_RS19655,False
Cup4G11,Cup4G11:RR42_RS22990,False
Cup4G11,Cup4G11:RR42_RS23760,False
Cup4G11,Cup4G11:RR42_RS23765,False
Cup4G11,Cup4G11:RR42_RS24535,False
Cup4G11,Cup4G11:RR42_RS26555,False
Cup4G11,Cup4G11:RR42_RS30735,False
Cup4G11,Cup4G11:RR42_RS30765,False
Dda3937,Dda3937:DDA3937_RS00275,False
Dda3937,Dda3937:DDA3937_RS00570,False
Dda3937,Dda3937:DDA3937_RS00795,False
Dda3937,Dda3937:DDA3937_RS01225,False
Dda3937,Dda3937:DDA3937_RS01610,False
Dda3937,Dda3937:DDA3937_RS01675,False
Dda3937,Dda3937:DDA3937_RS02105,False
Dda3937,Dda3937:DDA3937_RS02905,False
Dda3937,Dda3937:DDA3937_RS03355,False
Dda3937,Dda3937:DDA3937_RS03365,False
Dda3937,Dda3937:DDA3937_RS03840,False
Dda3937,Dda3937:DDA3937_RS03930,False
Dda3937,Dda3937:DDA3937_RS04820,False
Dda3937,Dda3937:DDA3937_RS06270,False
Dda3937,Dda3937:DDA3937_RS06295,False
Dda3937,Dda3937:DDA3937_RS06300,False
Dda3937,Dda3937:DDA3937_RS06535,False
Dda3937,Dda3937:DDA3937_RS06980,False
Dda3937,Dda3937:DDA3937_RS06990,False
Dda3937,Dda3937:DDA3937_RS06995,False
Dda3937,Dda3937:DDA3937_RS07350,False
Dda3937,Dda3937:DDA3937_RS07845,False
Dda3937,Dda3937:DDA3937_RS08275,False
Dda3937,Dda3937:DDA3937_RS08345,False
Dda3937,Dda3937:DDA3937_RS08370,False
Dda3937,Dda3937:DDA3937_RS08380,False
Dda3937,Dda3937:DDA3937_RS08390,False
Dda3937,Dda3937:DDA3937_RS08425,False
Dda3937,Dda3937:DDA3937_RS08875,False
Dda3937,Dda3937:DDA3937_RS09010,False
Dda3937,Dda3937:DDA3937_RS09700,False
Dda3937,Dda3937:DDA3937_RS09835,False
Dda3937,Dda3937:DDA3937_RS09905,False
Dda3937,Dda3937:DDA3937_RS09945,False
Dda3937,Dda3937:DDA3937_RS10275,False
Dda3937,Dda3937:DDA3937_RS10340,False
Dda3937,Dda3937:DDA3937_RS10770,False
Dda3937,Dda3937:DDA3937_RS11150,False
Dda3937,Dda3937:DDA3937_RS11165,False
Dda3937,Dda3937:DDA3937_RS11225,False
Dda3937,Dda3937:DDA3937_RS11825,False
Dda3937,Dda3937:DDA3937_RS12635,False
Dda3937,Dda3937:DDA3937_RS13330,False
Dda3937,Dda3937:DDA3937_RS13755,False
Dda3937,Dda3937:DDA3937_RS13910,False
Dda3937,Dda3937:DDA3937_RS13930,False
Dda3937,Dda3937:DDA3937_RS13980,False
Dda3937,Dda3937:DDA3937_RS13990,False
Dda3937,Dda3937:DDA3937_RS14630,False
Dda3937,Dda3937:DDA3937_RS15390,False
Dda3937,Dda3937:DDA3937_RS15815,False
Dda3937,Dda3937:DDA3937_RS16085,False
Dda3937,Dda3937:DDA3937_RS16095,False
Dda3937,Dda3937:DDA3937_RS16805,False
Dda3937,Dda3937:DDA3937_RS16840,False
Dda3937,Dda3937:DDA3937_RS17695,False
Dda3937,Dda3937:DDA3937_RS21740,False
Dda3937,Dda3937:DDA3937_RS21820,False
Dda3937,Dda3937:DDA3937_RS21880,False
Dda3937,Dda3937:DDA3937_RS21890,False
Dda3937,Dda3937:DDA3937_RS22055,False
Dda3937,Dda3937:DDA3937_RS22065,False
Dda3937,Dda3937:DDA3937_RS22070,False
Dda3937,Dda3937:DDA3937_RS22075,False
Dda3937,Dda3937:DDA3937_RS22080,False
Dda3937,Dda3937:DDA3937_RS22125,False
Dda3937,Dda3937:DDA3937_RS22130,False
Dda3937,Dda3937:DDA3937_RS22175,False
Dda3937,Dda3937:DDA3937_RS22180,False
Dda3937,Dda3937:DDA3937_RS22240,False
Dda3937,Dda3937:DDA3937_RS22350,False
Dda3937,Dda3937:DDA3937_RS22355,False
Dda3937,Dda3937:DDA3937_RS22365,False
Dda3937,Dda3937:DDA3937_RS22405,False
Dda3937,Dda3937:DDA3937_RS22450,False
Dda3937,Dda3937:DDA3937_RS22455,False
Dda3937,Dda3937:DDA3937_RS22500,False
Dda3937,Dda3937:DDA3937_RS22760,False
Dda3937,Dda3937:DDA3937_RS22780,False
Dda3937,Dda3937:DDA3937_RS22800,False
Dda3937,Dda3937:DDA3937_RS22820,False
Dda3937,Dda3937:DDA3937_RS22980,False
Dda3937,Dda3937:DDA3937_RS23025,False
Dda3937,Dda3937:DDA3937_RS23090,False
Dda3937,Dda3937:DDA3937_RS23110,False
Dda3937,Dda3937:DDA3937_RS23115,False
Dda3937,Dda3937:DDA3937_RS23220,False
Dda3937,Dda3937:DDA3937_RS23270,False
Dda3937,Dda3937:DDA3937_RS23450,False
Dda3937,Dda3937:DDA3937_RS23520,False
Dda3937,Dda3937:DDA3937_RS23525,False
Ddia6719,Ddia6719:HGI48_RS01010,False
Ddia6719,Ddia6719:HGI48_RS01050,False
Ddia6719,Ddia6719:HGI48_RS01230,False
Ddia6719,Ddia6719:HGI48_RS02020,False
Ddia6719,Ddia6719:HGI48_RS02050,False
Ddia6719,Ddia6719:HGI48_RS02060,False
Ddia6719,Ddia6719:HGI48_RS02230,False
Ddia6719,Ddia6719:HGI48_RS02240,False
Ddia6719,Ddia6719:HGI48_RS03470,False
Ddia6719,Ddia6719:HGI48_RS03660,False
Ddia6719,Ddia6719:HGI48_RS04130,False
Ddia6719,Ddia6719:HGI48_RS04185,False
Ddia6719,Ddia6719:HGI48_RS04190,False
Ddia6719,Ddia6719:HGI48_RS04205,False
Ddia6719,Ddia6719:HGI48_RS04220,False
Ddia6719,Ddia6719:HGI48_RS04600,False
Ddia6719,Ddia6719:HGI48_RS04670,False
Ddia6719,Ddia6719:HGI48_RS04725,False
Ddia6719,Ddia6719:HGI48_RS04805,False
Ddia6719,Ddia6719:HGI48_RS04815,False
Ddia6719,Ddia6719:HGI48_RS05260,False
Ddia6719,Ddia6719:HGI48_RS05275,False
Ddia6719,Ddia6719:HGI48_RS06615,False
Ddia6719,Ddia6719:HGI48_RS06970,False
Ddia6719,Ddia6719:HGI48_RS06975,False
Ddia6719,Ddia6719:HGI48_RS07055,False
Ddia6719,Ddia6719:HGI48_RS07200,False
Ddia6719,Ddia6719:HGI48_RS07215,False
Ddia6719,Ddia6719:HGI48_RS07755,False
Ddia6719,Ddia6719:HGI48_RS08110,False
Ddia6719,Ddia6719:HGI48_RS08115,False
Ddia6719,Ddia6719:HGI48_RS08255,False
Ddia6719,Ddia6719:HGI48_RS08290,False
Ddia6719,Ddia6719:HGI48_RS08295,False
Ddia6719,Ddia6719:HGI48_RS08355,False
Ddia6719,Ddia6719:HGI48_RS08360,False
Ddia6719,Ddia6719:HGI48_RS08465,False
Ddia6719,Ddia6719:HGI48_RS08470,False
Ddia6719,Ddia6719:HGI48_RS08475,False
Ddia6719,Ddia6719:HGI48_RS08480,False
Ddia6719,Ddia6719:HGI48_RS08485,False
Ddia6719,Ddia6719:HGI48_RS08495,False
Ddia6719,Ddia6719:HGI48_RS08500,False
Ddia6719,Ddia6719:HGI48_RS08515,False
Ddia6719,Ddia6719:HGI48_RS08535,False
Ddia6719,Ddia6719:HGI48_RS09145,False
Ddia6719,Ddia6719:HGI48_RS10025,False
Ddia6719,Ddia6719:HGI48_RS10990,False
Ddia6719,Ddia6719:HGI48_RS10995,False
Ddia6719,Ddia6719:HGI48_RS11035,False
Ddia6719,Ddia6719:HGI48_RS11160,False
Ddia6719,Ddia6719:HGI48_RS11180,False
Ddia6719,Ddia6719:HGI48_RS11185,False
Ddia6719,Ddia6719:HGI48_RS11210,False
Ddia6719,Ddia6719:HGI48_RS11610,False
Ddia6719,Ddia6719:HGI48_RS11905,False
Ddia6719,Ddia6719:HGI48_RS11920,False
Ddia6719,Ddia6719:HGI48_RS12755,False
Ddia6719,Ddia6719:HGI48_RS13835,False
Ddia6719,Ddia6719:HGI48_RS13940,False
Ddia6719,Ddia6719:HGI48_RS13945,False
Ddia6719,Ddia6719:HGI48_RS13960,False
Ddia6719,Ddia6719:HGI48_RS13970,False
Ddia6719,Ddia6719:HGI48_RS14035,False
Ddia6719,Ddia6719:HGI48_RS14580,False
Ddia6719,Ddia6719:HGI48_RS14810,False
Ddia6719,Ddia6719:HGI48_RS14820,False
Ddia6719,Ddia6719:HGI48_RS14880,False
Ddia6719,Ddia6719:HGI48_RS14885,False
Ddia6719,Ddia6719:HGI48_RS14940,False
Ddia6719,Ddia6719:HGI48_RS15055,False
Ddia6719,Ddia6719:HGI48_RS15105,False
Ddia6719,Ddia6719:HGI48_RS16205,False
Ddia6719,Ddia6719:HGI48_RS16320,False
Ddia6719,Ddia6719:HGI48_RS16590,False
Ddia6719,Ddia6719:HGI48_RS16595,False
Ddia6719,Ddia6719:HGI48_RS17190,False
Ddia6719,Ddia6719:HGI48_RS17700,False
Ddia6719,Ddia6719:HGI48_RS18235,False
Ddia6719,Ddia6719:HGI48_RS18830,False
Ddia6719,Ddia6719:HGI48_RS18865,False
Ddia6719,Ddia6719:HGI48_RS18875,False
Ddia6719,Ddia6719:HGI48_RS19025,False
Ddia6719,Ddia6719:HGI48_RS19030,False
Ddia6719,Ddia6719:HGI48_RS19245,False
Ddia6719,Ddia6719:HGI48_RS20565,False
Ddia6719,Ddia6719:HGI48_RS20570,False
Ddia6719,Ddia6719:HGI48_RS20575,False
Ddia6719,Ddia6719:HGI48_RS20580,False
Ddia6719,Ddia6719:HGI48_RS20585,False
Ddia6719,Ddia6719:HGI48_RS20825,False
Ddia6719,Ddia6719:HGI48_RS20875,False
Ddia6719,Ddia6719:HGI48_RS20900,False
Ddia6719,Ddia6719:HGI48_RS20985,False
Ddia6719,Ddia6719:HGI48_RS21295,False
DdiaME23,DdiaME23:DZA65_RS00060,False
DdiaME23,DdiaME23:DZA65_RS00095,False
DdiaME23,DdiaME23:DZA65_RS00570,False
DdiaME23,DdiaME23:DZA65_RS00650,False
DdiaME23,DdiaME23:DZA65_RS01275,False
DdiaME23,DdiaME23:DZA65_RS01320,False
DdiaME23,DdiaME23:DZA65_RS01740,False
DdiaME23,DdiaME23:DZA65_RS02020,False
DdiaME23,DdiaME23:DZA65_RS02130,False
DdiaME23,DdiaME23:DZA65_RS02175,False
DdiaME23,DdiaME23:DZA65_RS02180,False
DdiaME23,DdiaME23:DZA65_RS02290,False
DdiaME23,DdiaME23:DZA65_RS02500,False
DdiaME23,DdiaME23:DZA65_RS02775,False
DdiaME23,DdiaME23:DZA65_RS03080,False
DdiaME23,DdiaME23:DZA65_RS03355,False
DdiaME23,DdiaME23:DZA65_RS03360,False
DdiaME23,DdiaME23:DZA65_RS03405,False
DdiaME23,DdiaME23:DZA65_RS03410,False
DdiaME23,DdiaME23:DZA65_RS03515,False
DdiaME23,DdiaME23:DZA65_RS03710,False
DdiaME23,DdiaME23:DZA65_RS03935,False
DdiaME23,DdiaME23:DZA65_RS03940,False
DdiaME23,DdiaME23:DZA65_RS03975,False
DdiaME23,DdiaME23:DZA65_RS04050,False
DdiaME23,DdiaME23:DZA65_RS04625,False
DdiaME23,DdiaME23:DZA65_RS04630,False
DdiaME23,DdiaME23:DZA65_RS04650,False
DdiaME23,DdiaME23:DZA65_RS04655,False
DdiaME23,DdiaME23:DZA65_RS04700,False
DdiaME23,DdiaME23:DZA65_RS04800,False
DdiaME23,DdiaME23:DZA65_RS05095,False
DdiaME23,DdiaME23:DZA65_RS05575,False
DdiaME23,DdiaME23:DZA65_RS05600,False
DdiaME23,DdiaME23:DZA65_RS05735,False
DdiaME23,DdiaME23:DZA65_RS05740,False
DdiaME23,DdiaME23:DZA65_RS06340,False
DdiaME23,DdiaME23:DZA65_RS06660,False
DdiaME23,DdiaME23:DZA65_RS06970,False
DdiaME23,DdiaME23:DZA65_RS07230,False
DdiaME23,DdiaME23:DZA65_RS07315,False
DdiaME23,DdiaME23:DZA65_RS07385,False
DdiaME23,DdiaME23:DZA65_RS07390,False
DdiaME23,DdiaME23:DZA65_RS07440,False
DdiaME23,DdiaME23:DZA65_RS07455,False
DdiaME23,DdiaME23:DZA65_RS07530,False
DdiaME23,DdiaME23:DZA65_RS07600,False
DdiaME23,DdiaME23:DZA65_RS07705,False
DdiaME23,DdiaME23:DZA65_RS07715,False
DdiaME23,DdiaME23:DZA65_RS08145,False
DdiaME23,DdiaME23:DZA65_RS08535,False
DdiaME23,DdiaME23:DZA65_RS08760,False
DdiaME23,DdiaME23:DZA65_RS08805,False
DdiaME23,DdiaME23:DZA65_RS08850,False
DdiaME23,DdiaME23:DZA65_RS08955,False
DdiaME23,DdiaME23:DZA65_RS09090,False
DdiaME23,DdiaME23:DZA65_RS09095,False
DdiaME23,DdiaME23:DZA65_RS09180,False
DdiaME23,DdiaME23:DZA65_RS09265,False
DdiaME23,DdiaME23:DZA65_RS09340,False
DdiaME23,DdiaME23:DZA65_RS09345,False
DdiaME23,DdiaME23:DZA65_RS09370,False
DdiaME23,DdiaME23:DZA65_RS09375,False
DdiaME23,DdiaME23:DZA65_RS09415,False
DdiaME23,DdiaME23:DZA65_RS09420,False
DdiaME23,DdiaME23:DZA65_RS09445,False
DdiaME23,DdiaME23:DZA65_RS09755,False
DdiaME23,DdiaME23:DZA65_RS10245,False
DdiaME23,DdiaME23:DZA65_RS10680,False
DdiaME23,DdiaME23:DZA65_RS11195,False
DdiaME23,DdiaME23:DZA65_RS11210,False
DdiaME23,DdiaME23:DZA65_RS11660,False
DdiaME23,DdiaME23:DZA65_RS12015,False
DdiaME23,DdiaME23:DZA65_RS12095,False
DdiaME23,DdiaME23:DZA65_RS12295,False
DdiaME23,DdiaME23:DZA65_RS12435,False
DdiaME23,DdiaME23:DZA65_RS12830,False
DdiaME23,DdiaME23:DZA65_RS13045,False
DdiaME23,DdiaME23:DZA65_RS13175,False
DdiaME23,DdiaME23:DZA65_RS13180,False
DdiaME23,DdiaME23:DZA65_RS13195,False
DdiaME23,DdiaME23:DZA65_RS13200,False
DdiaME23,DdiaME23:DZA65_RS13210,False
DdiaME23,DdiaME23:DZA65_RS13225,False
DdiaME23,DdiaME23:DZA65_RS13445,False
DdiaME23,DdiaME23:DZA65_RS13815,False
DdiaME23,DdiaME23:DZA65_RS14310,False
DdiaME23,DdiaME23:DZA65_RS14410,False
DdiaME23,DdiaME23:DZA65_RS14420,False
DdiaME23,DdiaME23:DZA65_RS14500,False
DdiaME23,DdiaME23:DZA65_RS14505,False
DdiaME23,DdiaME23:DZA65_RS14515,False
DdiaME23,DdiaME23:DZA65_RS14520,False
DdiaME23,DdiaME23:DZA65_RS14525,False
DdiaME23,DdiaME23:DZA65_RS14615,False
DdiaME23,DdiaME23:DZA65_RS14620,False
DdiaME23,DdiaME23:DZA65_RS14645,False
DdiaME23,DdiaME23:DZA65_RS14680,False
DdiaME23,DdiaME23:DZA65_RS14710,False
DdiaME23,DdiaME23:DZA65_RS14775,False
DdiaME23,DdiaME23:DZA65_RS14835,False
DdiaME23,DdiaME23:DZA65_RS15005,False
DdiaME23,DdiaME23:DZA65_RS15255,False
DdiaME23,DdiaME23:DZA65_RS15520,False
DdiaME23,DdiaME23:DZA65_RS15565,False
DdiaME23,DdiaME23:DZA65_RS15725,False
DdiaME23,DdiaME23:DZA65_RS15730,False
DdiaME23,DdiaME23:DZA65_RS15840,False
DdiaME23,DdiaME23:DZA65_RS15890,False
DdiaME23,DdiaME23:DZA65_RS15915,False
DdiaME23,DdiaME23:DZA65_RS15930,False
DdiaME23,DdiaME23:DZA65_RS15935,False
DdiaME23,DdiaME23:DZA65_RS15950,False
DdiaME23,DdiaME23:DZA65_RS16205,False
DdiaME23,DdiaME23:DZA65_RS16360,False
DdiaME23,DdiaME23:DZA65_RS16525,False
DdiaME23,DdiaME23:DZA65_RS16785,False
DdiaME23,DdiaME23:DZA65_RS16960,False
DdiaME23,DdiaME23:DZA65_RS17035,False
DdiaME23,DdiaME23:DZA65_RS17045,False
DdiaME23,DdiaME23:DZA65_RS17050,False
DdiaME23,DdiaME23:DZA65_RS17245,False
DdiaME23,DdiaME23:DZA65_RS17275,False
DdiaME23,DdiaME23:DZA65_RS17415,False
DdiaME23,DdiaME23:DZA65_RS17605,False
DdiaME23,DdiaME23:DZA65_RS17645,False
DdiaME23,DdiaME23:DZA65_RS17655,False
DdiaME23,DdiaME23:DZA65_RS17680,False
DdiaME23,DdiaME23:DZA65_RS17685,False
DdiaME23,DdiaME23:DZA65_RS17950,False
DdiaME23,DdiaME23:DZA65_RS18600,False
DdiaME23,DdiaME23:DZA65_RS18975,False
DdiaME23,DdiaME23:DZA65_RS19355,False
DdiaME23,DdiaME23:DZA65_RS19940,False
DdiaME23,DdiaME23:DZA65_RS20245,False
DdiaME23,DdiaME23:DZA65_RS21050,False
DdiaME23,DdiaME23:DZA65_RS21590,False
DdiaME23,DdiaME23:DZA65_RS21595,False
DdiaME23,DdiaME23:DZA65_RS21700,False
DdiaME23,DdiaME23:DZA65_RS21710,False
DdiaME23,DdiaME23:DZA65_RS21715,False
DdiaME23,DdiaME23:DZA65_RS21725,False
DdiaME23,DdiaME23:DZA65_RS21830,False
DdiaME23,DdiaME23:DZA65_RS21840,False
DdiaME23,DdiaME23:DZA65_RS21895,False
DdiaME23,DdiaME23:DZA65_RS21970,False
DdiaME23,DdiaME23:DZA65_RS22470,False
DdiaME23,DdiaME23:DZA65_RS22670,False
DdiaME23,DdiaME23:DZA65_RS22690,False
DdiaME23,DdiaME23:DZA65_RS22935,False
Dino,Dino:3610323,False
Dino,Dino:3610611,False
DvH,DvH:206124,False
DvH,DvH:206576,False
DvH,DvH:206584,False
DvH,DvH:207474,False
DvH,DvH:207523,False
DvH,DvH:207930,False
DvH,DvH:208460,False
DvH,DvH:208645,False
DvH,DvH:208805,False
DvH,DvH:209498,False
DvH,DvH:408291,False
DvH,DvH:408336,False
DvH,DvH:410431,False
DvH,DvH:410457,False
DvH,DvH:410463,False
DvH,DvH:410473,False
Dyella79,Dyella79:N515DRAFT_0438,False
Dyella79,Dyella79:N515DRAFT_0439,False
Dyella79,Dyella79:N515DRAFT_0445,False
Dyella79,Dyella79:N515DRAFT_1150,False
Dyella79,Dyella79:N515DRAFT_1437,False
Dyella79,Dyella79:N515DRAFT_1662,False
Dyella79,Dyella79:N515DRAFT_2025,False
HerbieS,HerbieS:HSERO_RS02475,False
Kang,Kang:B158DRAFT_1040,False
Kang,Kang:B158DRAFT_1041,False
Kang,Kang:B158DRAFT_1264,False
Kang,Kang:B158DRAFT_1408,False
Kang,Kang:B158DRAFT_1409,False
Kang,Kang:B158DRAFT_1466,False
Kang,Kang:B158DRAFT_1467,False
Kang,Kang:B158DRAFT_1493,False
Kang,Kang:B158DRAFT_1577,False
Kang,Kang:B158DRAFT_1816,False
Kang,Kang:B158DRAFT_2470,False
Keio,Keio:10279117,False
Keio,Keio:10279118,False
Keio,Keio:10279119,False
Keio,Keio:12785252,False
Keio,Keio:14357,False
Keio,Keio:14368,False
Keio,Keio:14369,False
Keio,Keio:14374,False
Keio,Keio:14375,False
Keio,Keio:14396,False
Keio,Keio:14401,False
Keio,Keio:14404,False
Keio,Keio:14414,False
Keio,Keio:14435,False
Keio,Keio:14438,False
Keio,Keio:14530,False
Keio,Keio:14636,False
Keio,Keio:14637,False
Keio,Keio:14674,False
Keio,Keio:14675,False
Keio,Keio:14678,False
Keio,Keio:14689,False
Keio,Keio:14697,False
Keio,Keio:14698,False
Keio,Keio:14699,False
Keio,Keio:14821,False
Keio,Keio:14835,False
Keio,Keio:14837,False
Keio,Keio:15151,False
Keio,Keio:15273,False
Keio,Keio:15274,False
Keio,Keio:15483,False
Keio,Keio:15484,False
Keio,Keio:15488,False
Keio,Keio:15490,False
Keio,Keio:15577,False
Keio,Keio:15626,False
Keio,Keio:15627,False
Keio,Keio:15670,False
Keio,Keio:15689,False
Keio,Keio:15698,False
Keio,Keio:15700,False
Keio,Keio:16050,False
Keio,Keio:16107,False
Keio,Keio:16114,False
Keio,Keio:16191,False
Keio,Keio:16230,False
Keio,Keio:16248,False
Keio,Keio:16298,False
Keio,Keio:16458,False
Keio,Keio:16460,False
Keio,Keio:16461,False
Keio,Keio:16463,False
Keio,Keio:16730,False
Keio,Keio:16732,False
Keio,Keio:16739,False
Keio,Keio:16741,False
Keio,Keio:16940,False
Keio,Keio:16944,False
Keio,Keio:16994,False
Keio,Keio:17047,False
Keio,Keio:17048,False
Keio,Keio:17059,False
Keio,Keio:17207,False
Keio,Keio:17338,False
Keio,Keio:17489,False
Keio,Keio:17504,False
Keio,Keio:17565,False
Keio,Keio:17595,False
Keio,Keio:18132,False
Keio,Keio:18230,False
Keio,Keio:18261,False
Keio,Keio:18295,False
Keio,Keio:18305,False
Keio,Keio:18306,False
Keio,Keio:18310,False
Keio,Keio:18332,False
Keio,Keio:18363,False
Keio,Keio:18366,False
Keio,Keio:1936201,False
Keio,Keio:1936206,False
Keio,Keio:1936221,False
Keio,Keio:1936234,False
Keio,Keio:1936235,False
Keio,Keio:1936246,False
Keio,Keio:1936264,False
Keio,Keio:1936269,False
Keio,Keio:1936295,False
Keio,Keio:1936314,False
Keio,Keio:1936340,False
Keio,Keio:1936353,False
Keio,Keio:1936393,False
Keio,Keio:1936407,False
Keio,Keio:1936422,False
Keio,Keio:1936425,False
Keio,Keio:1936428,False
Keio,Keio:1936447,False
Keio,Keio:1936448,False
Keio,Keio:1936466,False
Keio,Keio:1936472,False
Keio,Keio:1936483,False
Keio,Keio:1936492,False
Keio,Keio:1936496,False
Keio,Keio:1936505,False
Keio,Keio:1936568,False
Keio,Keio:1936574,False
Keio,Keio:1936638,False
Keio,Keio:1936641,False
Keio,Keio:1936646,False
Keio,Keio:1936648,False
Keio,Keio:1936649,False
Keio,Keio:1936651,False
Keio,Keio:1936652,False
Keio,Keio:1936655,False
Keio,Keio:1936658,False
Keio,Keio:1936668,False
Keio,Keio:1936676,False
Keio,Keio:1936680,False
Keio,Keio:1936682,False
Keio,Keio:1936690,False
Keio,Keio:1936708,False
Keio,Keio:1936712,False
Keio,Keio:1936745,False
Keio,Keio:1936782,False
Keio,Keio:1936793,False
Keio,Keio:1936822,False
Keio,Keio:1936823,False
Keio,Keio:1936830,False
Keio,Keio:1936852,False
Keio,Keio:1936854,False
Keio,Keio:1936856,False
Keio,Keio:1936861,False
Keio,Keio:1936862,False
Keio,Keio:1936884,False
Keio,Keio:1936945,False
Keio,Keio:1936961,False
Keio,Keio:1936963,False
Keio,Keio:1937021,False
Keio,Keio:1937031,False
Keio,Keio:1937039,False
Keio,Keio:1937047,False
Keio,Keio:1937048,False
Keio,Keio:1937065,False
Keio,Keio:1937077,False
Keio,Keio:1937084,False
Keio,Keio:1937086,False
Keio,Keio:1937114,False
Keio,Keio:1937116,False
Keio,Keio:1937122,False
Keio,Keio:1937138,False
Keio,Keio:1937167,False
Keio,Keio:1937190,False
Keio,Keio:1937198,False
Keio,Keio:1937200,False
Keio,Keio:1937241,False
Keio,Keio:1937269,False
Keio,Keio:1937276,False
Keio,Keio:1937279,False
Keio,Keio:1937299,False
Keio,Keio:1937312,False
Keio,Keio:1937313,False
Keio,Keio:3446137,False
Keio,Keio:3446142,False
Keio,Keio:3446146,False
Keio,Keio:3446150,False
Keio,Keio:3446152,False
Keio,Keio:3446153,False
Keio,Keio:3446155,False
Keio,Keio:3446157,False
Keio,Keio:3446161,False
Keio,Keio:3446166,False
Keio,Keio:3446180,False
Keio,Keio:3446183,False
Keio,Keio:3446187,False
Keio,Keio:3446189,False
Keio,Keio:3446191,False
Keio,Keio:3446195,False
Keio,Keio:3446200,False
Keio,Keio:3446201,False
Keio,Keio:3446203,False
Keio,Keio:3446208,False
Keio,Keio:3446211,False
Keio,Keio:3446214,False
Keio,Keio:3446217,False
Keio,Keio:3446219,False
Keio,Keio:3446221,False
Keio,Keio:3446223,False
Keio,Keio:3446225,False
Keio,Keio:3446227,False
Keio,Keio:3446230,False
Keio,Keio:3446232,False
Keio,Keio:3446240,False
Keio,Keio:3446243,False
Keio,Keio:3446246,False
Keio,Keio:3446248,False
Keio,Keio:3446249,False
Keio,Keio:5752725,False
Keio,Keio:5752726,False
Keio,Keio:7497341,False
Keio,Keio:7497342,False
Keio,Keio:7497344,False
Keio,Keio:7497345,False
Keio,Keio:7497349,False
Keio,Keio:7497368,False
Korea,Korea:Ga0059261_0392,False
Korea,Korea:Ga0059261_0442,False
Korea,Korea:Ga0059261_0450,False
Korea,Korea:Ga0059261_0473,False
Korea,Korea:Ga0059261_0586,False
Korea,Korea:Ga0059261_0734,False
Korea,Korea:Ga0059261_0758,False
Korea,Korea:Ga0059261_1149,False
Korea,Korea:Ga0059261_1168,False
Korea,Korea:Ga0059261_1176,False
Korea,Korea:Ga0059261_1180,False
Korea,Korea:Ga0059261_1182,False
Korea,Korea:Ga0059261_1185,False
Korea,Korea:Ga0059261_1189,False
Korea,Korea:Ga0059261_1194,False
Korea,Korea:Ga0059261_1718,False
Korea,Korea:Ga0059261_1741,False
Korea,Korea:Ga0059261_1751,False
Korea,Korea:Ga0059261_1752,False
Korea,Korea:Ga0059261_1784,False
Korea,Korea:Ga0059261_2112,False
Korea,Korea:Ga0059261_2116,False
Korea,Korea:Ga0059261_2117,False
Korea,Korea:Ga0059261_2209,False
Korea,Korea:Ga0059261_2547,False
Korea,Korea:Ga0059261_2548,False
Korea,Korea:Ga0059261_2716,False
Korea,Korea:Ga0059261_3589,False
Korea,Korea:Ga0059261_3605,False
Korea,Korea:Ga0059261_3670,False
Korea,Korea:Ga0059261_3923,False
Korea,Korea:Ga0059261_4133,False
Korea,Korea:Ga0059261_4134,False
Koxy,Koxy:BWI76_RS00025,False
Koxy,Koxy:BWI76_RS00495,False
Koxy,Koxy:BWI76_RS01100,False
Koxy,Koxy:BWI76_RS01620,False
Koxy,Koxy:BWI76_RS01630,False
Koxy,Koxy:BWI76_RS02245,False
Koxy,Koxy:BWI76_RS02690,False
Koxy,Koxy:BWI76_RS02920,False
Koxy,Koxy:BWI76_RS02955,False
Koxy,Koxy:BWI76_RS03220,False
Koxy,Koxy:BWI76_RS03280,False
Koxy,Koxy:BWI76_RS03290,False
Koxy,Koxy:BWI76_RS03310,False
Koxy,Koxy:BWI76_RS03360,False
Koxy,Koxy:BWI76_RS03790,False
Koxy,Koxy:BWI76_RS03845,False
Koxy,Koxy:BWI76_RS04025,False
Koxy,Koxy:BWI76_RS04180,False
Koxy,Koxy:BWI76_RS04310,False
Koxy,Koxy:BWI76_RS05235,False
Koxy,Koxy:BWI76_RS05725,False
Koxy,Koxy:BWI76_RS05810,False
Koxy,Koxy:BWI76_RS06015,False
Koxy,Koxy:BWI76_RS06210,False
Koxy,Koxy:BWI76_RS06595,False
Koxy,Koxy:BWI76_RS07110,False
Koxy,Koxy:BWI76_RS07185,False
Koxy,Koxy:BWI76_RS07790,False
Koxy,Koxy:BWI76_RS07970,False
Koxy,Koxy:BWI76_RS08230,False
Koxy,Koxy:BWI76_RS08625,False
Koxy,Koxy:BWI76_RS08815,False
Koxy,Koxy:BWI76_RS09625,False
Koxy,Koxy:BWI76_RS09650,False
Koxy,Koxy:BWI76_RS10355,False
Koxy,Koxy:BWI76_RS10420,False
Koxy,Koxy:BWI76_RS10450,False
Koxy,Koxy:BWI76_RS10955,False
Koxy,Koxy:BWI76_RS11260,False
Koxy,Koxy:BWI76_RS11400,False
Koxy,Koxy:BWI76_RS12215,False
Koxy,Koxy:BWI76_RS12340,False
Koxy,Koxy:BWI76_RS12350,False
Koxy,Koxy:BWI76_RS12355,False
Koxy,Koxy:BWI76_RS12885,False
Koxy,Koxy:BWI76_RS12895,False
Koxy,Koxy:BWI76_RS13200,False
Koxy,Koxy:BWI76_RS13275,False
Koxy,Koxy:BWI76_RS13730,False
Koxy,Koxy:BWI76_RS14090,False
Koxy,Koxy:BWI76_RS14205,False
Koxy,Koxy:BWI76_RS14235,False
Koxy,Koxy:BWI76_RS14270,False
Koxy,Koxy:BWI76_RS14285,False
Koxy,Koxy:BWI76_RS14290,False
Koxy,Koxy:BWI76_RS14295,False
Koxy,Koxy:BWI76_RS14300,False
Koxy,Koxy:BWI76_RS14325,False
Koxy,Koxy:BWI76_RS14330,False
Koxy,Koxy:BWI76_RS14400,False
Koxy,Koxy:BWI76_RS15370,False
Koxy,Koxy:BWI76_RS15375,False
Koxy,Koxy:BWI76_RS15755,False
Koxy,Koxy:BWI76_RS15775,False
Koxy,Koxy:BWI76_RS15785,False
Koxy,Koxy:BWI76_RS15900,False
Koxy,Koxy:BWI76_RS15980,False
Koxy,Koxy:BWI76_RS15985,False
Koxy,Koxy:BWI76_RS16210,False
Koxy,Koxy:BWI76_RS16220,False
Koxy,Koxy:BWI76_RS16245,False
Koxy,Koxy:BWI76_RS16550,False
Koxy,Koxy:BWI76_RS16610,False
Koxy,Koxy:BWI76_RS16655,False
Koxy,Koxy:BWI76_RS16710,False
Koxy,Koxy:BWI76_RS17160,False
Koxy,Koxy:BWI76_RS17215,False
Koxy,Koxy:BWI76_RS17260,False
Koxy,Koxy:BWI76_RS17300,False
Koxy,Koxy:BWI76_RS17315,False
Koxy,Koxy:BWI76_RS17940,False
Koxy,Koxy:BWI76_RS18455,False
Koxy,Koxy:BWI76_RS18470,False
Koxy,Koxy:BWI76_RS18550,False
Koxy,Koxy:BWI76_RS18565,False
Koxy,Koxy:BWI76_RS19195,False
Koxy,Koxy:BWI76_RS19850,False
Koxy,Koxy:BWI76_RS19935,False
Koxy,Koxy:BWI76_RS19975,False
Koxy,Koxy:BWI76_RS20855,False
Koxy,Koxy:BWI76_RS21595,False
Koxy,Koxy:BWI76_RS21710,False
Koxy,Koxy:BWI76_RS21715,False
Koxy,Koxy:BWI76_RS21775,False
Koxy,Koxy:BWI76_RS21780,False
Koxy,Koxy:BWI76_RS21785,False
Koxy,Koxy:BWI76_RS21810,False
Koxy,Koxy:BWI76_RS21815,False
Koxy,Koxy:BWI76_RS21860,False
Koxy,Koxy:BWI76_RS21920,False
Koxy,Koxy:BWI76_RS21980,False
Koxy,Koxy:BWI76_RS22190,False
Koxy,Koxy:BWI76_RS22840,False
Koxy,Koxy:BWI76_RS23265,False
Koxy,Koxy:BWI76_RS23325,False
Koxy,Koxy:BWI76_RS23760,False
Koxy,Koxy:BWI76_RS24040,False
Koxy,Koxy:BWI76_RS24180,False
Koxy,Koxy:BWI76_RS24200,False
Koxy,Koxy:BWI76_RS24810,False
Koxy,Koxy:BWI76_RS25070,False
Koxy,Koxy:BWI76_RS25600,False
Koxy,Koxy:BWI76_RS25630,False
Koxy,Koxy:BWI76_RS26095,False
Koxy,Koxy:BWI76_RS26355,False
Koxy,Koxy:BWI76_RS26600,False
Koxy,Koxy:BWI76_RS26745,False
Koxy,Koxy:BWI76_RS26890,False
Koxy,Koxy:BWI76_RS26910,False
Koxy,Koxy:BWI76_RS27195,False
Koxy,Koxy:BWI76_RS27600,False
Koxy,Koxy:BWI76_RS27610,False
Koxy,Koxy:BWI76_RS27900,False
MR1,MR1:10942653,False
MR1,MR1:10942654,False
MR1,MR1:10942655,False
MR1,MR1:10942656,False
MR1,MR1:10942657,False
MR1,MR1:10942658,False
MR1,MR1:10942660,False
MR1,MR1:10942662,False
MR1,MR1:10942664,False
MR1,MR1:10942665,False
MR1,MR1:10942666,False
MR1,MR1:10942667,False
MR1,MR1:10942668,False
MR1,MR1:10942671,False
MR1,MR1:10942672,False
MR1,MR1:10942673,False
MR1,MR1:10942674,False
MR1,MR1:10942675,False
MR1,MR1:10942678,False
MR1,MR1:10942679,False
MR1,MR1:10942680,False
MR1,MR1:10942681,False
MR1,MR1:10942682,False
MR1,MR1:10942683,False
MR1,MR1:10942684,False
MR1,MR1:10942686,False
MR1,MR1:10942687,False
MR1,MR1:10942688,False
MR1,MR1:10942690,False
MR1,MR1:10942691,False
MR1,MR1:10942692,False
MR1,MR1:10942694,False
MR1,MR1:10942695,False
MR1,MR1:10942696,False
MR1,MR1:10942697,False
MR1,MR1:10942698,False
MR1,MR1:10942699,False
MR1,MR1:10942700,False
MR1,MR1:10942701,False
MR1,MR1:10942703,False
MR1,MR1:10942704,False
MR1,MR1:10942705,False
MR1,MR1:10942706,False
MR1,MR1:10942707,False
MR1,MR1:10942708,False
MR1,MR1:10942709,False
MR1,MR1:10942710,False
MR1,MR1:10942711,False
MR1,MR1:10942712,False
MR1,MR1:10942713,False
MR1,MR1:10942714,False
MR1,MR1:10942716,False
MR1,MR1:10942717,False
MR1,MR1:10942718,False
MR1,MR1:10942719,False
MR1,MR1:10942720,False
MR1,MR1:10942722,False
MR1,MR1:10942723,False
MR1,MR1:10942724,False
MR1,MR1:10942725,False
MR1,MR1:10942726,False
MR1,MR1:10942727,False
MR1,MR1:10942729,False
MR1,MR1:10942730,False
MR1,MR1:10942732,False
MR1,MR1:10942733,False
MR1,MR1:10942736,False
MR1,MR1:10942737,False
MR1,MR1:10942738,False
MR1,MR1:10942739,False
MR1,MR1:10942740,False
MR1,MR1:10942741,False
MR1,MR1:10942742,False
MR1,MR1:10942744,False
MR1,MR1:10942745,False
MR1,MR1:10942748,False
MR1,MR1:10942749,False
MR1,MR1:10942751,False
MR1,MR1:10942752,False
MR1,MR1:10942753,False
MR1,MR1:10942754,False
MR1,MR1:10942755,False
MR1,MR1:10942757,False
MR1,MR1:10942758,False
MR1,MR1:10942760,False
MR1,MR1:10942761,False
MR1,MR1:11934328,False
MR1,MR1:11934330,False
MR1,MR1:11934331,False
MR1,MR1:2200873,False
MR1,MR1:2200874,False
MR1,MR1:2200875,False
MR1,MR1:2200879,False
MR1,MR1:2200880,False
MR1,MR1:2200882,False
MR1,MR1:2200883,False
MR1,MR1:2200884,False
MR1,MR1:2200885,False
MR1,MR1:2200886,False
MR1,MR1:2200889,False
MR1,MR1:2200890,False
MR1,MR1:2200894,False
MR1,MR1:2200895,False
MR1,MR1:2200896,False
MR1,MR1:2200898,False
MR1,MR1:2200899,False
MR1,MR1:2200900,False
MR1,MR1:2200901,False
MR1,MR1:2200902,False
MR1,MR1:2200903,False
MR1,MR1:2200904,False
MR1,MR1:2200905,False
MR1,MR1:2200906,False
MR1,MR1:2200907,False
MR1,MR1:2200914,False
MR1,MR1:401100,False
MR1,MR1:401104,False
MR1,MR1:401124,False
MR1,MR1:401142,False
MR1,MR1:401166,False
Magneto,Magneto:AMB_RS01285,False
Magneto,Magneto:AMB_RS01785,False
Magneto,Magneto:AMB_RS02060,False
Magneto,Magneto:AMB_RS02090,False
Magneto,Magneto:AMB_RS02095,False
Magneto,Magneto:AMB_RS02100,False
Magneto,Magneto:AMB_RS04630,False
Magneto,Magneto:AMB_RS04770,False
Magneto,Magneto:AMB_RS05275,False
Magneto,Magneto:AMB_RS05320,False
Magneto,Magneto:AMB_RS06435,False
Magneto,Magneto:AMB_RS06475,False
Magneto,Magneto:AMB_RS06775,False
Magneto,Magneto:AMB_RS06885,False
Magneto,Magneto:AMB_RS07850,False
Magneto,Magneto:AMB_RS09960,False
Magneto,Magneto:AMB_RS09970,False
Magneto,Magneto:AMB_RS10140,False
Magneto,Magneto:AMB_RS10300,False
Magneto,Magneto:AMB_RS10315,False
Magneto,Magneto:AMB_RS10600,False
Magneto,Magneto:AMB_RS10905,False
Magneto,Magneto:AMB_RS11085,False
Magneto,Magneto:AMB_RS11440,False
Magneto,Magneto:AMB_RS11495,False
Magneto,Magneto:AMB_RS11775,False
Magneto,Magneto:AMB_RS13920,False
Magneto,Magneto:AMB_RS14025,False
Magneto,Magneto:AMB_RS14290,False
Magneto,Magneto:AMB_RS14550,False
Magneto,Magneto:AMB_RS14625,False
Magneto,Magneto:AMB_RS15185,False
Magneto,Magneto:AMB_RS15480,False
Magneto,Magneto:AMB_RS15590,False
Magneto,Magneto:AMB_RS16080,False
Magneto,Magneto:AMB_RS16105,False
Magneto,Magneto:AMB_RS16685,False
Magneto,Magneto:AMB_RS16785,False
Magneto,Magneto:AMB_RS16815,False
Magneto,Magneto:AMB_RS17100,False
Magneto,Magneto:AMB_RS18045,False
Magneto,Magneto:AMB_RS18760,False
Magneto,Magneto:AMB_RS18890,False
Magneto,Magneto:AMB_RS20410,False
Magneto,Magneto:AMB_RS20725,False
Magneto,Magneto:AMB_RS21435,False
Magneto,Magneto:AMB_RS21880,False
Magneto,Magneto:AMB_RS22855,False
Magneto,Magneto:AMB_RS22875,False
Magneto,Magneto:AMB_RS23795,False
Magneto,Magneto:AMB_RS23845,False
Magneto,Magneto:AMB_RS23860,False
Magneto,Magneto:AMB_RS23975,False
Magneto,Magneto:AMB_RS24240,False
Magneto,Magneto:AMB_RS24250,False
Magneto,Magneto:AMB_RS24260,False
Magneto,Magneto:AMB_RS24430,False
Magneto,Magneto:AMB_RS24435,False
Magneto,Magneto:AMB_RS24555,False
Magneto,Magneto:AMB_RS24565,False
Magneto,Magneto:AMB_RS24575,False
Magneto,Magneto:AMB_RS24595,False
Magneto,Magneto:AMB_RS24615,False
Magneto,Magneto:AMB_RS24630,False
Magneto,Magneto:AMB_RS24685,False
Magneto,Magneto:AMB_RS24695,False
Marino,Marino:GFF2286,False
Marino,Marino:GFF3796,False
Methanococcus_JJ,Methanococcus_JJ:MMJJ_RS00955,False
Methanococcus_JJ,Methanococcus_JJ:MMJJ_RS00975,False
Methanococcus_JJ,Methanococcus_JJ:MMJJ_RS00985,False
Methanococcus_JJ,Methanococcus_JJ:MMJJ_RS00990,False
Methanococcus_JJ,Methanococcus_JJ:MMJJ_RS01745,False
Methanococcus_JJ,Methanococcus_JJ:MMJJ_RS02315,False
Methanococcus_JJ,Methanococcus_JJ:MMJJ_RS02865,False
Methanococcus_JJ,Methanococcus_JJ:MMJJ_RS04070,False
Methanococcus_JJ,Methanococcus_JJ:MMJJ_RS04220,False
Methanococcus_JJ,Methanococcus_JJ:MMJJ_RS04330,False
Methanococcus_JJ,Methanococcus_JJ:MMJJ_RS04350,False
Methanococcus_JJ,Methanococcus_JJ:MMJJ_RS04870,False
Methanococcus_JJ,Methanococcus_JJ:MMJJ_RS04875,False
Methanococcus_JJ,Methanococcus_JJ:MMJJ_RS08415,False
Methanococcus_JJ,Methanococcus_JJ:MMJJ_RS08745,False
Methanococcus_JJ,Methanococcus_JJ:MMJJ_RS09385,False
Methanococcus_S2,Methanococcus_S2:MMP_RS01830,False
Methanococcus_S2,Methanococcus_S2:MMP_RS01965,False
Methanococcus_S2,Methanococcus_S2:MMP_RS02045,False
Methanococcus_S2,Methanococcus_S2:MMP_RS06065,False
Methanococcus_S2,Methanococcus_S2:MMP_RS07600,False
Methanococcus_S2,Methanococcus_S2:MMP_RS09050,False
Miya,Miya:8499222,False
Miya,Miya:8499224,False
Miya,Miya:8499225,False
Miya,Miya:8499253,False
Miya,Miya:8499386,False
Miya,Miya:8499461,False
Miya,Miya:8500028,False
Miya,Miya:8500121,False
Miya,Miya:8500305,False
Miya,Miya:8500449,False
Miya,Miya:8500927,False
Miya,Miya:8501049,False
Miya,Miya:8501141,False
Miya,Miya:8501559,False
Miya,Miya:8501580,False
Miya,Miya:8501750,False
Miya,Miya:8501788,False
Miya,Miya:8501847,False
Miya,Miya:8502057,False
Miya,Miya:8502136,False
PS,PS:Dsui_0088,False
PS,PS:Dsui_1005,False
PS,PS:Dsui_2131,False
PS,PS:Dsui_2430,False
PS,PS:Dsui_3130,False
PV4,PV4:5207540,False
PV4,PV4:5208376,False
PV4,PV4:5208807,False
PV4,PV4:5208835,False
PV4,PV4:5208914,False
PV4,PV4:5208918,False
PV4,PV4:5208984,False
PV4,PV4:5209272,False
PV4,PV4:5209606,False
PV4,PV4:5211422,False
PV4,PV4:5211424,False
Pedo557,Pedo557:CA265_RS01330,False
Pedo557,Pedo557:CA265_RS01605,False
Pedo557,Pedo557:CA265_RS01920,False
Pedo557,Pedo557:CA265_RS01955,False
Pedo557,Pedo557:CA265_RS02460,False
Pedo557,Pedo557:CA265_RS02550,False
Pedo557,Pedo557:CA265_RS03665,False
Pedo557,Pedo557:CA265_RS03810,False
Pedo557,Pedo557:CA265_RS04125,False
Pedo557,Pedo557:CA265_RS04885,False
Pedo557,Pedo557:CA265_RS04890,False
Pedo557,Pedo557:CA265_RS05395,False
Pedo557,Pedo557:CA265_RS05425,False
Pedo557,Pedo557:CA265_RS05835,False
Pedo557,Pedo557:CA265_RS06410,False
Pedo557,Pedo557:CA265_RS06415,False
Pedo557,Pedo557:CA265_RS06420,False
Pedo557,Pedo557:CA265_RS06425,False
Pedo557,Pedo557:CA265_RS06430,False
Pedo557,Pedo557:CA265_RS06435,False
Pedo557,Pedo557:CA265_RS06440,False
Pedo557,Pedo557:CA265_RS06445,False
Pedo557,Pedo557:CA265_RS06450,False
Pedo557,Pedo557:CA265_RS06455,False
Pedo557,Pedo557:CA265_RS06460,False
Pedo557,Pedo557:CA265_RS06465,False
Pedo557,Pedo557:CA265_RS06470,False
Pedo557,Pedo557:CA265_RS06475,False
Pedo557,Pedo557:CA265_RS06480,False
Pedo557,Pedo557:CA265_RS06485,False
Pedo557,Pedo557:CA265_RS06490,False
Pedo557,Pedo557:CA265_RS06495,False
Pedo557,Pedo557:CA265_RS06500,False
Pedo557,Pedo557:CA265_RS06505,False
Pedo557,Pedo557:CA265_RS06510,False
Pedo557,Pedo557:CA265_RS06515,False
Pedo557,Pedo557:CA265_RS06520,False
Pedo557,Pedo557:CA265_RS06525,False
Pedo557,Pedo557:CA265_RS06530,False
Pedo557,Pedo557:CA265_RS08070,False
Pedo557,Pedo557:CA265_RS08315,False
Pedo557,Pedo557:CA265_RS08665,False
Pedo557,Pedo557:CA265_RS08915,False
Pedo557,Pedo557:CA265_RS09150,False
Pedo557,Pedo557:CA265_RS09635,False
Pedo557,Pedo557:CA265_RS10540,False
Pedo557,Pedo557:CA265_RS11365,False
Pedo557,Pedo557:CA265_RS11975,False
Pedo557,Pedo557:CA265_RS12160,False
Pedo557,Pedo557:CA265_RS12265,False
Pedo557,Pedo557:CA265_RS16145,False
Pedo557,Pedo557:CA265_RS16940,False
Pedo557,Pedo557:CA265_RS17290,False
Pedo557,Pedo557:CA265_RS17480,False
Pedo557,Pedo557:CA265_RS19140,False
Pedo557,Pedo557:CA265_RS19485,False
Pedo557,Pedo557:CA265_RS20325,False
Pedo557,Pedo557:CA265_RS20825,False
Pedo557,Pedo557:CA265_RS20920,False
Pedo557,Pedo557:CA265_RS21250,False
Pedo557,Pedo557:CA265_RS21450,False
Pedo557,Pedo557:CA265_RS22035,False
Pedo557,Pedo557:CA265_RS23230,False
Pedo557,Pedo557:CA265_RS24125,False
Phaeo,Phaeo:GFF2003,False
Phaeo,Phaeo:GFF2014,False
Phaeo,Phaeo:GFF2815,False
Phaeo,Phaeo:GFF2938,False
Phaeo,Phaeo:GFF3333,False
Ponti,Ponti:CA264_01985,False
Ponti,Ponti:CA264_01990,False
Ponti,Ponti:CA264_03140,False
Ponti,Ponti:CA264_04465,False
Ponti,Ponti:CA264_06840,False
Ponti,Ponti:CA264_06960,False
Ponti,Ponti:CA264_07115,False
Ponti,Ponti:CA264_07450,False
Ponti,Ponti:CA264_07860,False
Ponti,Ponti:CA264_08205,False
Ponti,Ponti:CA264_08750,False
Ponti,Ponti:CA264_09520,False
Ponti,Ponti:CA264_09600,False
Ponti,Ponti:CA264_09625,False
Ponti,Ponti:CA264_09710,False
Ponti,Ponti:CA264_09745,False
Ponti,Ponti:CA264_09870,False
Ponti,Ponti:CA264_10120,False
Ponti,Ponti:CA264_10200,False
Ponti,Ponti:CA264_10340,False
Ponti,Ponti:CA264_10590,False
Ponti,Ponti:CA264_10610,False
Ponti,Ponti:CA264_10615,False
Ponti,Ponti:CA264_10675,False
Ponti,Ponti:CA264_11550,False
Ponti,Ponti:CA264_11555,False
Ponti,Ponti:CA264_11560,False
Ponti,Ponti:CA264_11655,False
Ponti,Ponti:CA264_12905,False
Ponti,Ponti:CA264_12925,False
Ponti,Ponti:CA264_14095,False
Ponti,Ponti:CA264_14790,False
Ponti,Ponti:CA264_14845,False
Ponti,Ponti:CA264_15300,False
Ponti,Ponti:CA264_15745,False
Ponti,Ponti:CA264_15800,False
Ponti,Ponti:CA264_17800,False
Ponti,Ponti:CA264_19015,False
Ponti,Ponti:CA264_19745,False
Ponti,Ponti:CA264_21140,False
Ponti,Ponti:CA264_21510,False
Ponti,Ponti:CA264_21540,False
Putida,Putida:PP_5SB,False
Putida,Putida:PP_t10,False
Putida,Putida:PP_t11,False
Putida,Putida:PP_t12,False
Putida,Putida:PP_t13,False
Putida,Putida:PP_t29,False
Putida,Putida:PP_t49,False
Putida,Putida:PP_t57,False
Putida,Putida:PP_t64,False
RalstoniaBSBF1503,RalstoniaBSBF1503:RALBFv3_RS00600,False
RalstoniaBSBF1503,RalstoniaBSBF1503:RALBFv3_RS00740,False
RalstoniaBSBF1503,RalstoniaBSBF1503:RALBFv3_RS00810,False
RalstoniaBSBF1503,RalstoniaBSBF1503:RALBFv3_RS01325,False
RalstoniaBSBF1503,RalstoniaBSBF1503:RALBFv3_RS01330,False
RalstoniaBSBF1503,RalstoniaBSBF1503:RALBFv3_RS01375,False
RalstoniaBSBF1503,RalstoniaBSBF1503:RALBFv3_RS01460,False
RalstoniaBSBF1503,RalstoniaBSBF1503:RALBFv3_RS01915,False
RalstoniaBSBF1503,RalstoniaBSBF1503:RALBFv3_RS02075,False
RalstoniaBSBF1503,RalstoniaBSBF1503:RALBFv3_RS02090,False
RalstoniaBSBF1503,RalstoniaBSBF1503:RALBFv3_RS02280,False
RalstoniaBSBF1503,RalstoniaBSBF1503:RALBFv3_RS02400,False
RalstoniaBSBF1503,RalstoniaBSBF1503:RALBFv3_RS02410,False
RalstoniaBSBF1503,RalstoniaBSBF1503:RALBFv3_RS04045,False
RalstoniaBSBF1503,RalstoniaBSBF1503:RALBFv3_RS05610,False
RalstoniaBSBF1503,RalstoniaBSBF1503:RALBFv3_RS05640,False
RalstoniaBSBF1503,RalstoniaBSBF1503:RALBFv3_RS07770,False
RalstoniaBSBF1503,RalstoniaBSBF1503:RALBFv3_RS07985,False
RalstoniaBSBF1503,RalstoniaBSBF1503:RALBFv3_RS08085,False
RalstoniaBSBF1503,RalstoniaBSBF1503:RALBFv3_RS08090,False
RalstoniaBSBF1503,RalstoniaBSBF1503:RALBFv3_RS08425,False
RalstoniaBSBF1503,RalstoniaBSBF1503:RALBFv3_RS08595,False
RalstoniaBSBF1503,RalstoniaBSBF1503:RALBFv3_RS08905,False
RalstoniaBSBF1503,RalstoniaBSBF1503:RALBFv3_RS09325,False
RalstoniaBSBF1503,RalstoniaBSBF1503:RALBFv3_RS09330,False
RalstoniaBSBF1503,RalstoniaBSBF1503:RALBFv3_RS09335,False
RalstoniaBSBF1503,RalstoniaBSBF1503:RALBFv3_RS09990,False
RalstoniaBSBF1503,RalstoniaBSBF1503:RALBFv3_RS11265,False
RalstoniaBSBF1503,RalstoniaBSBF1503:RALBFv3_RS12060,False
RalstoniaBSBF1503,RalstoniaBSBF1503:RALBFv3_RS12070,False
RalstoniaBSBF1503,RalstoniaBSBF1503:RALBFv3_RS12760,False
RalstoniaBSBF1503,RalstoniaBSBF1503:RALBFv3_RS12765,False
RalstoniaBSBF1503,RalstoniaBSBF1503:RALBFv3_RS12840,False
RalstoniaBSBF1503,RalstoniaBSBF1503:RALBFv3_RS13140,False
RalstoniaBSBF1503,RalstoniaBSBF1503:RALBFv3_RS13320,False
RalstoniaBSBF1503,RalstoniaBSBF1503:RALBFv3_RS13695,False
RalstoniaBSBF1503,RalstoniaBSBF1503:RALBFv3_RS13890,False
RalstoniaBSBF1503,RalstoniaBSBF1503:RALBFv3_RS14010,False
RalstoniaBSBF1503,RalstoniaBSBF1503:RALBFv3_RS15210,False
RalstoniaBSBF1503,RalstoniaBSBF1503:RALBFv3_RS15750,False
RalstoniaBSBF1503,RalstoniaBSBF1503:RALBFv3_RS15975,False
RalstoniaBSBF1503,RalstoniaBSBF1503:RALBFv3_RS15985,False
RalstoniaBSBF1503,RalstoniaBSBF1503:RALBFv3_RS16035,False
RalstoniaBSBF1503,RalstoniaBSBF1503:RALBFv3_RS16045,False
RalstoniaBSBF1503,RalstoniaBSBF1503:RALBFv3_RS16480,False
RalstoniaBSBF1503,RalstoniaBSBF1503:RALBFv3_RS16530,False
RalstoniaBSBF1503,RalstoniaBSBF1503:RALBFv3_RS16885,False
RalstoniaBSBF1503,RalstoniaBSBF1503:RALBFv3_RS17135,False
RalstoniaBSBF1503,RalstoniaBSBF1503:RALBFv3_RS17265,False
RalstoniaBSBF1503,RalstoniaBSBF1503:RALBFv3_RS17495,False
RalstoniaBSBF1503,RalstoniaBSBF1503:RALBFv3_RS18505,False
RalstoniaBSBF1503,RalstoniaBSBF1503:RALBFv3_RS18640,False
RalstoniaBSBF1503,RalstoniaBSBF1503:RALBFv3_RS19300,False
RalstoniaBSBF1503,RalstoniaBSBF1503:RALBFv3_RS19410,False
RalstoniaBSBF1503,RalstoniaBSBF1503:RALBFv3_RS19950,False
RalstoniaBSBF1503,RalstoniaBSBF1503:RALBFv3_RS19955,False
RalstoniaBSBF1503,RalstoniaBSBF1503:RALBFv3_RS20010,False
RalstoniaBSBF1503,RalstoniaBSBF1503:RALBFv3_RS20020,False
RalstoniaBSBF1503,RalstoniaBSBF1503:RALBFv3_RS20345,False
RalstoniaBSBF1503,RalstoniaBSBF1503:RALBFv3_RS20695,False
RalstoniaBSBF1503,RalstoniaBSBF1503:RALBFv3_RS20790,False
RalstoniaBSBF1503,RalstoniaBSBF1503:RALBFv3_RS20815,False
RalstoniaBSBF1503,RalstoniaBSBF1503:RALBFv3_RS20820,False
RalstoniaBSBF1503,RalstoniaBSBF1503:RALBFv3_RS20830,False
RalstoniaBSBF1503,RalstoniaBSBF1503:RALBFv3_RS20915,False
RalstoniaBSBF1503,RalstoniaBSBF1503:RALBFv3_RS20935,False
RalstoniaBSBF1503,RalstoniaBSBF1503:RALBFv3_RS21020,False
RalstoniaBSBF1503,RalstoniaBSBF1503:RALBFv3_RS21365,False
RalstoniaBSBF1503,RalstoniaBSBF1503:RALBFv3_RS21500,False
RalstoniaBSBF1503,RalstoniaBSBF1503:RALBFv3_RS21540,False
RalstoniaBSBF1503,RalstoniaBSBF1503:RALBFv3_RS21555,False
RalstoniaBSBF1503,RalstoniaBSBF1503:RALBFv3_RS22015,False
RalstoniaBSBF1503,RalstoniaBSBF1503:RALBFv3_RS22030,False
RalstoniaBSBF1503,RalstoniaBSBF1503:RALBFv3_RS22080,False
RalstoniaBSBF1503,RalstoniaBSBF1503:RALBFv3_RS22125,False
RalstoniaBSBF1503,RalstoniaBSBF1503:RALBFv3_RS22340,False
RalstoniaBSBF1503,RalstoniaBSBF1503:RALBFv3_RS22580,False
RalstoniaBSBF1503,RalstoniaBSBF1503:RALBFv3_RS22655,False
RalstoniaBSBF1503,RalstoniaBSBF1503:RALBFv3_RS22725,False
RalstoniaBSBF1503,RalstoniaBSBF1503:RALBFv3_RS23350,False
RalstoniaBSBF1503,RalstoniaBSBF1503:RALBFv3_RS23585,False
RalstoniaBSBF1503,RalstoniaBSBF1503:RALBFv3_RS23590,False
RalstoniaBSBF1503,RalstoniaBSBF1503:RALBFv3_RS23630,False
RalstoniaBSBF1503,RalstoniaBSBF1503:RALBFv3_RS23660,False
RalstoniaBSBF1503,RalstoniaBSBF1503:RALBFv3_RS23665,False
RalstoniaBSBF1503,RalstoniaBSBF1503:RALBFv3_RS23685,False
RalstoniaBSBF1503,RalstoniaBSBF1503:RALBFv3_RS23695,False
RalstoniaBSBF1503,RalstoniaBSBF1503:RALBFv3_RS23705,False
RalstoniaBSBF1503,RalstoniaBSBF1503:RALBFv3_RS23730,False
RalstoniaBSBF1503,RalstoniaBSBF1503:RALBFv3_RS23770,False
RalstoniaBSBF1503,RalstoniaBSBF1503:RALBFv3_RS23805,False
RalstoniaBSBF1503,RalstoniaBSBF1503:RALBFv3_RS23815,False
RalstoniaBSBF1503,RalstoniaBSBF1503:RALBFv3_RS23830,False
RalstoniaBSBF1503,RalstoniaBSBF1503:RALBFv3_RS23905,False
RalstoniaBSBF1503,RalstoniaBSBF1503:RALBFv3_RS23915,False
RalstoniaBSBF1503,RalstoniaBSBF1503:RALBFv3_RS23930,False
RalstoniaBSBF1503,RalstoniaBSBF1503:RALBFv3_RS23975,False
RalstoniaBSBF1503,RalstoniaBSBF1503:RALBFv3_RS24010,False
RalstoniaBSBF1503,RalstoniaBSBF1503:RALBFv3_RS24030,False
RalstoniaBSBF1503,RalstoniaBSBF1503:RALBFv3_RS24045,False
RalstoniaBSBF1503,RalstoniaBSBF1503:RALBFv3_RS24050,False
RalstoniaBSBF1503,RalstoniaBSBF1503:RALBFv3_RS24085,False
RalstoniaBSBF1503,RalstoniaBSBF1503:RALBFv3_RS24125,False
RalstoniaBSBF1503,RalstoniaBSBF1503:RALBFv3_RS24140,False
RalstoniaBSBF1503,RalstoniaBSBF1503:RALBFv3_RS24145,False
RalstoniaBSBF1503,RalstoniaBSBF1503:RALBFv3_RS24195,False
RalstoniaBSBF1503,RalstoniaBSBF1503:RALBFv3_RS24210,False
RalstoniaBSBF1503,RalstoniaBSBF1503:RALBFv3_RS24335,False
RalstoniaBSBF1503,RalstoniaBSBF1503:RALBFv3_RS24355,False
RalstoniaBSBF1503,RalstoniaBSBF1503:RALBFv3_RS24380,False
RalstoniaBSBF1503,RalstoniaBSBF1503:RALBFv3_RS24435,False
RalstoniaBSBF1503,RalstoniaBSBF1503:RALBFv3_RS24520,False
RalstoniaBSBF1503,RalstoniaBSBF1503:RALBFv3_RS24535,False
RalstoniaBSBF1503,RalstoniaBSBF1503:RALBFv3_RS24545,False
RalstoniaBSBF1503,RalstoniaBSBF1503:RALBFv3_RS24555,False
RalstoniaBSBF1503,RalstoniaBSBF1503:RALBFv3_RS24565,False
RalstoniaBSBF1503,RalstoniaBSBF1503:RALBFv3_RS24600,False
RalstoniaBSBF1503,RalstoniaBSBF1503:RALBFv3_RS24610,False
RalstoniaBSBF1503,RalstoniaBSBF1503:RALBFv3_RS24615,False
RalstoniaBSBF1503,RalstoniaBSBF1503:RALBFv3_RS24700,False
RalstoniaBSBF1503,RalstoniaBSBF1503:RALBFv3_RS24720,False
RalstoniaBSBF1503,RalstoniaBSBF1503:RALBFv3_RS24735,False
RalstoniaBSBF1503,RalstoniaBSBF1503:RALBFv3_RS24765,False
RalstoniaBSBF1503,RalstoniaBSBF1503:RALBFv3_RS24775,False
RalstoniaBSBF1503,RalstoniaBSBF1503:RALBFv3_RS24785,False
RalstoniaBSBF1503,RalstoniaBSBF1503:RALBFv3_RS24790,False
RalstoniaBSBF1503,RalstoniaBSBF1503:RALBFv3_RS24795,False
RalstoniaGMI1000,RalstoniaGMI1000:RS_RS00030,False
RalstoniaGMI1000,RalstoniaGMI1000:RS_RS00515,False
RalstoniaGMI1000,RalstoniaGMI1000:RS_RS00890,False
RalstoniaGMI1000,RalstoniaGMI1000:RS_RS00930,False
RalstoniaGMI1000,RalstoniaGMI1000:RS_RS01215,False
RalstoniaGMI1000,RalstoniaGMI1000:RS_RS02095,False
RalstoniaGMI1000,RalstoniaGMI1000:RS_RS02410,False
RalstoniaGMI1000,RalstoniaGMI1000:RS_RS02660,False
RalstoniaGMI1000,RalstoniaGMI1000:RS_RS02670,False
RalstoniaGMI1000,RalstoniaGMI1000:RS_RS02675,False
RalstoniaGMI1000,RalstoniaGMI1000:RS_RS02915,False
RalstoniaGMI1000,RalstoniaGMI1000:RS_RS03210,False
RalstoniaGMI1000,RalstoniaGMI1000:RS_RS03220,False
RalstoniaGMI1000,RalstoniaGMI1000:RS_RS03540,False
RalstoniaGMI1000,RalstoniaGMI1000:RS_RS03900,False
RalstoniaGMI1000,RalstoniaGMI1000:RS_RS03935,False
RalstoniaGMI1000,RalstoniaGMI1000:RS_RS04080,False
RalstoniaGMI1000,RalstoniaGMI1000:RS_RS04420,False
RalstoniaGMI1000,RalstoniaGMI1000:RS_RS04800,False
RalstoniaGMI1000,RalstoniaGMI1000:RS_RS07485,False
RalstoniaGMI1000,RalstoniaGMI1000:RS_RS07610,False
RalstoniaGMI1000,RalstoniaGMI1000:RS_RS07770,False
RalstoniaGMI1000,RalstoniaGMI1000:RS_RS08150,False
RalstoniaGMI1000,RalstoniaGMI1000:RS_RS08665,False
RalstoniaGMI1000,RalstoniaGMI1000:RS_RS08965,False
RalstoniaGMI1000,RalstoniaGMI1000:RS_RS09225,False
RalstoniaGMI1000,RalstoniaGMI1000:RS_RS09415,False
RalstoniaGMI1000,RalstoniaGMI1000:RS_RS09765,False
RalstoniaGMI1000,RalstoniaGMI1000:RS_RS09805,False
RalstoniaGMI1000,RalstoniaGMI1000:RS_RS12070,False
RalstoniaGMI1000,RalstoniaGMI1000:RS_RS13035,False
RalstoniaGMI1000,RalstoniaGMI1000:RS_RS13115,False
RalstoniaGMI1000,RalstoniaGMI1000:RS_RS13545,False
RalstoniaGMI1000,RalstoniaGMI1000:RS_RS13865,False
RalstoniaGMI1000,RalstoniaGMI1000:RS_RS14365,False
RalstoniaGMI1000,RalstoniaGMI1000:RS_RS15445,False
RalstoniaGMI1000,RalstoniaGMI1000:RS_RS15470,False
RalstoniaGMI1000,RalstoniaGMI1000:RS_RS15960,False
RalstoniaGMI1000,RalstoniaGMI1000:RS_RS15990,False
RalstoniaGMI1000,RalstoniaGMI1000:RS_RS16045,False
RalstoniaGMI1000,RalstoniaGMI1000:RS_RS16130,False
RalstoniaGMI1000,RalstoniaGMI1000:RS_RS16290,False
RalstoniaGMI1000,RalstoniaGMI1000:RS_RS16715,False
RalstoniaGMI1000,RalstoniaGMI1000:RS_RS17000,False
RalstoniaGMI1000,RalstoniaGMI1000:RS_RS17115,False
RalstoniaGMI1000,RalstoniaGMI1000:RS_RS17405,False
RalstoniaGMI1000,RalstoniaGMI1000:RS_RS17560,False
RalstoniaGMI1000,RalstoniaGMI1000:RS_RS17595,False
RalstoniaGMI1000,RalstoniaGMI1000:RS_RS17650,False
RalstoniaGMI1000,RalstoniaGMI1000:RS_RS17935,False
RalstoniaGMI1000,RalstoniaGMI1000:RS_RS18065,False
RalstoniaGMI1000,RalstoniaGMI1000:RS_RS18120,False
RalstoniaGMI1000,RalstoniaGMI1000:RS_RS18470,False
RalstoniaGMI1000,RalstoniaGMI1000:RS_RS19100,False
RalstoniaGMI1000,RalstoniaGMI1000:RS_RS19435,False
RalstoniaGMI1000,RalstoniaGMI1000:RS_RS19450,False
RalstoniaGMI1000,RalstoniaGMI1000:RS_RS19755,False
RalstoniaGMI1000,RalstoniaGMI1000:RS_RS19815,False
RalstoniaGMI1000,RalstoniaGMI1000:RS_RS19825,False
RalstoniaGMI1000,RalstoniaGMI1000:RS_RS19830,False
RalstoniaGMI1000,RalstoniaGMI1000:RS_RS19835,False
RalstoniaGMI1000,RalstoniaGMI1000:RS_RS19855,False
RalstoniaGMI1000,RalstoniaGMI1000:RS_RS19895,False
RalstoniaGMI1000,RalstoniaGMI1000:RS_RS19960,False
RalstoniaGMI1000,RalstoniaGMI1000:RS_RS19965,False
RalstoniaGMI1000,RalstoniaGMI1000:RS_RS20645,False
RalstoniaGMI1000,RalstoniaGMI1000:RS_RS20800,False
RalstoniaGMI1000,RalstoniaGMI1000:RS_RS21675,False
RalstoniaGMI1000,RalstoniaGMI1000:RS_RS21690,False
RalstoniaGMI1000,RalstoniaGMI1000:RS_RS22375,False
RalstoniaGMI1000,RalstoniaGMI1000:RS_RS22385,False
RalstoniaGMI1000,RalstoniaGMI1000:RS_RS22660,False
RalstoniaGMI1000,RalstoniaGMI1000:RS_RS23190,False
RalstoniaGMI1000,RalstoniaGMI1000:RS_RS23415,False
RalstoniaGMI1000,RalstoniaGMI1000:RS_RS24070,False
RalstoniaGMI1000,RalstoniaGMI1000:RS_RS24340,False
RalstoniaGMI1000,RalstoniaGMI1000:RS_RS24400,False
RalstoniaGMI1000,RalstoniaGMI1000:RS_RS24545,False
RalstoniaGMI1000,RalstoniaGMI1000:RS_RS24570,False
RalstoniaGMI1000,RalstoniaGMI1000:RS_RS24925,False
RalstoniaGMI1000,RalstoniaGMI1000:RS_RS24935,False
RalstoniaGMI1000,RalstoniaGMI1000:RS_RS24980,False
RalstoniaGMI1000,RalstoniaGMI1000:RS_RS25075,False
RalstoniaGMI1000,RalstoniaGMI1000:RS_RS25235,False
RalstoniaGMI1000,RalstoniaGMI1000:RS_RS25245,False
RalstoniaGMI1000,RalstoniaGMI1000:RS_RS25255,False
RalstoniaGMI1000,RalstoniaGMI1000:RS_RS25265,False
RalstoniaGMI1000,RalstoniaGMI1000:RS_RS25325,False
RalstoniaGMI1000,RalstoniaGMI1000:RS_RS25360,False
RalstoniaGMI1000,RalstoniaGMI1000:RS_RS25425,False
RalstoniaGMI1000,RalstoniaGMI1000:RS_RS25445,False
RalstoniaGMI1000,RalstoniaGMI1000:RS_RS25450,False
RalstoniaGMI1000,RalstoniaGMI1000:RS_RS25455,False
RalstoniaGMI1000,RalstoniaGMI1000:RS_RS25460,False
RalstoniaGMI1000,RalstoniaGMI1000:RS_RS25475,False
RalstoniaGMI1000,RalstoniaGMI1000:RS_RS25525,False
RalstoniaGMI1000,RalstoniaGMI1000:RS_RS25570,False
RalstoniaGMI1000,RalstoniaGMI1000:RS_RS25575,False
RalstoniaGMI1000,RalstoniaGMI1000:RS_RS25590,False
RalstoniaGMI1000,RalstoniaGMI1000:RS_RS25620,False
RalstoniaGMI1000,RalstoniaGMI1000:RS_RS25665,False
RalstoniaGMI1000,RalstoniaGMI1000:RS_RS25670,False
RalstoniaGMI1000,RalstoniaGMI1000:RS_RS25675,False
RalstoniaGMI1000,RalstoniaGMI1000:RS_RS25725,False
RalstoniaGMI1000,RalstoniaGMI1000:RS_RS25735,False
RalstoniaGMI1000,RalstoniaGMI1000:RS_RS25770,False
RalstoniaGMI1000,RalstoniaGMI1000:RS_RS25785,False
RalstoniaGMI1000,RalstoniaGMI1000:RS_RS25820,False
RalstoniaGMI1000,RalstoniaGMI1000:RS_RS25865,False
RalstoniaGMI1000,RalstoniaGMI1000:RS_RS25920,False
RalstoniaGMI1000,RalstoniaGMI1000:RS_RS25930,False
RalstoniaGMI1000,RalstoniaGMI1000:RS_RS26000,False
RalstoniaGMI1000,RalstoniaGMI1000:RS_RS26005,False
RalstoniaGMI1000,RalstoniaGMI1000:RS_RS26030,False
RalstoniaGMI1000,RalstoniaGMI1000:RS_RS26060,False
RalstoniaGMI1000,RalstoniaGMI1000:RS_RS26175,False
RalstoniaGMI1000,RalstoniaGMI1000:RS_RS26190,False
RalstoniaGMI1000,RalstoniaGMI1000:RS_RS26195,False
RalstoniaGMI1000,RalstoniaGMI1000:RS_RS26205,False
RalstoniaGMI1000,RalstoniaGMI1000:RS_RS26275,False
RalstoniaGMI1000,RalstoniaGMI1000:RS_RS26310,False
RalstoniaGMI1000,RalstoniaGMI1000:RS_RS26465,False
RalstoniaGMI1000,RalstoniaGMI1000:RS_RS26480,False
RalstoniaGMI1000,RalstoniaGMI1000:RS_RS26535,False
RalstoniaGMI1000,RalstoniaGMI1000:RS_RS26590,False
RalstoniaGMI1000,RalstoniaGMI1000:RS_RS26620,False
RalstoniaGMI1000,RalstoniaGMI1000:RS_RS26630,False
RalstoniaPSI07,RalstoniaPSI07:RPSI07_RS00540,False
RalstoniaPSI07,RalstoniaPSI07:RPSI07_RS00560,False
RalstoniaPSI07,RalstoniaPSI07:RPSI07_RS00640,False
RalstoniaPSI07,RalstoniaPSI07:RPSI07_RS00895,False
RalstoniaPSI07,RalstoniaPSI07:RPSI07_RS01090,False
RalstoniaPSI07,RalstoniaPSI07:RPSI07_RS02065,False
RalstoniaPSI07,RalstoniaPSI07:RPSI07_RS03010,False
RalstoniaPSI07,RalstoniaPSI07:RPSI07_RS03015,False
RalstoniaPSI07,RalstoniaPSI07:RPSI07_RS03100,False
RalstoniaPSI07,RalstoniaPSI07:RPSI07_RS03380,False
RalstoniaPSI07,RalstoniaPSI07:RPSI07_RS03415,False
RalstoniaPSI07,RalstoniaPSI07:RPSI07_RS04240,False
RalstoniaPSI07,RalstoniaPSI07:RPSI07_RS04550,False
RalstoniaPSI07,RalstoniaPSI07:RPSI07_RS04725,False
RalstoniaPSI07,RalstoniaPSI07:RPSI07_RS04960,False
RalstoniaPSI07,RalstoniaPSI07:RPSI07_RS04970,False
RalstoniaPSI07,RalstoniaPSI07:RPSI07_RS05235,False
RalstoniaPSI07,RalstoniaPSI07:RPSI07_RS05395,False
RalstoniaPSI07,RalstoniaPSI07:RPSI07_RS05850,False
RalstoniaPSI07,RalstoniaPSI07:RPSI07_RS06080,False
RalstoniaPSI07,RalstoniaPSI07:RPSI07_RS06600,False
RalstoniaPSI07,RalstoniaPSI07:RPSI07_RS06650,False
RalstoniaPSI07,RalstoniaPSI07:RPSI07_RS06870,False
RalstoniaPSI07,RalstoniaPSI07:RPSI07_RS06910,False
RalstoniaPSI07,RalstoniaPSI07:RPSI07_RS06915,False
RalstoniaPSI07,RalstoniaPSI07:RPSI07_RS06995,False
RalstoniaPSI07,RalstoniaPSI07:RPSI07_RS07030,False
RalstoniaPSI07,RalstoniaPSI07:RPSI07_RS07040,False
RalstoniaPSI07,RalstoniaPSI07:RPSI07_RS07045,False
RalstoniaPSI07,RalstoniaPSI07:RPSI07_RS07055,False
RalstoniaPSI07,RalstoniaPSI07:RPSI07_RS07060,False
RalstoniaPSI07,RalstoniaPSI07:RPSI07_RS07885,False
RalstoniaPSI07,RalstoniaPSI07:RPSI07_RS07965,False
RalstoniaPSI07,RalstoniaPSI07:RPSI07_RS07980,False
RalstoniaPSI07,RalstoniaPSI07:RPSI07_RS08370,False
RalstoniaPSI07,RalstoniaPSI07:RPSI07_RS08390,False
RalstoniaPSI07,RalstoniaPSI07:RPSI07_RS08800,False
RalstoniaPSI07,RalstoniaPSI07:RPSI07_RS08825,False
RalstoniaPSI07,RalstoniaPSI07:RPSI07_RS09180,False
RalstoniaPSI07,RalstoniaPSI07:RPSI07_RS09185,False
RalstoniaPSI07,RalstoniaPSI07:RPSI07_RS09200,False
RalstoniaPSI07,RalstoniaPSI07:RPSI07_RS09215,False
RalstoniaPSI07,RalstoniaPSI07:RPSI07_RS09255,False
RalstoniaPSI07,RalstoniaPSI07:RPSI07_RS09495,False
RalstoniaPSI07,RalstoniaPSI07:RPSI07_RS09615,False
RalstoniaPSI07,RalstoniaPSI07:RPSI07_RS09720,False
RalstoniaPSI07,RalstoniaPSI07:RPSI07_RS10720,False
RalstoniaPSI07,RalstoniaPSI07:RPSI07_RS11140,False
RalstoniaPSI07,RalstoniaPSI07:RPSI07_RS11665,False
RalstoniaPSI07,RalstoniaPSI07:RPSI07_RS11680,False
RalstoniaPSI07,RalstoniaPSI07:RPSI07_RS11740,False
RalstoniaPSI07,RalstoniaPSI07:RPSI07_RS11760,False
RalstoniaPSI07,RalstoniaPSI07:RPSI07_RS11765,False
RalstoniaPSI07,RalstoniaPSI07:RPSI07_RS11950,False
RalstoniaPSI07,RalstoniaPSI07:RPSI07_RS13565,False
RalstoniaPSI07,RalstoniaPSI07:RPSI07_RS13970,False
RalstoniaPSI07,RalstoniaPSI07:RPSI07_RS13975,False
RalstoniaPSI07,RalstoniaPSI07:RPSI07_RS14905,False
RalstoniaPSI07,RalstoniaPSI07:RPSI07_RS14915,False
RalstoniaPSI07,RalstoniaPSI07:RPSI07_RS14930,False
RalstoniaPSI07,RalstoniaPSI07:RPSI07_RS14935,False
RalstoniaPSI07,RalstoniaPSI07:RPSI07_RS14940,False
RalstoniaPSI07,RalstoniaPSI07:RPSI07_RS15080,False
RalstoniaPSI07,RalstoniaPSI07:RPSI07_RS15450,False
RalstoniaPSI07,RalstoniaPSI07:RPSI07_RS15500,False
RalstoniaPSI07,RalstoniaPSI07:RPSI07_RS15510,False
RalstoniaPSI07,RalstoniaPSI07:RPSI07_RS15565,False
RalstoniaPSI07,RalstoniaPSI07:RPSI07_RS16150,False
RalstoniaPSI07,RalstoniaPSI07:RPSI07_RS16580,False
RalstoniaPSI07,RalstoniaPSI07:RPSI07_RS16590,False
RalstoniaPSI07,RalstoniaPSI07:RPSI07_RS16600,False
RalstoniaPSI07,RalstoniaPSI07:RPSI07_RS16670,False
RalstoniaPSI07,RalstoniaPSI07:RPSI07_RS17935,False
RalstoniaPSI07,RalstoniaPSI07:RPSI07_RS19355,False
RalstoniaPSI07,RalstoniaPSI07:RPSI07_RS19395,False
RalstoniaPSI07,RalstoniaPSI07:RPSI07_RS19770,False
RalstoniaPSI07,RalstoniaPSI07:RPSI07_RS19795,False
RalstoniaPSI07,RalstoniaPSI07:RPSI07_RS19800,False
RalstoniaPSI07,RalstoniaPSI07:RPSI07_RS20075,False
RalstoniaPSI07,RalstoniaPSI07:RPSI07_RS20500,False
RalstoniaPSI07,RalstoniaPSI07:RPSI07_RS20860,False
RalstoniaPSI07,RalstoniaPSI07:RPSI07_RS20865,False
RalstoniaPSI07,RalstoniaPSI07:RPSI07_RS20915,False
RalstoniaPSI07,RalstoniaPSI07:RPSI07_RS20925,False
RalstoniaPSI07,RalstoniaPSI07:RPSI07_RS21225,False
RalstoniaPSI07,RalstoniaPSI07:RPSI07_RS21295,False
RalstoniaPSI07,RalstoniaPSI07:RPSI07_RS21545,False
RalstoniaPSI07,RalstoniaPSI07:RPSI07_RS23005,False
RalstoniaPSI07,RalstoniaPSI07:RPSI07_RS23215,False
RalstoniaPSI07,RalstoniaPSI07:RPSI07_RS23945,False
RalstoniaPSI07,RalstoniaPSI07:RPSI07_RS24030,False
RalstoniaPSI07,RalstoniaPSI07:RPSI07_RS24045,False
RalstoniaPSI07,RalstoniaPSI07:RPSI07_RS24165,False
RalstoniaPSI07,RalstoniaPSI07:RPSI07_RS24185,False
RalstoniaPSI07,RalstoniaPSI07:RPSI07_RS24190,False
RalstoniaPSI07,RalstoniaPSI07:RPSI07_RS24215,False
RalstoniaPSI07,RalstoniaPSI07:RPSI07_RS24310,False
RalstoniaPSI07,RalstoniaPSI07:RPSI07_RS24335,False
RalstoniaPSI07,RalstoniaPSI07:RPSI07_RS24360,False
RalstoniaPSI07,RalstoniaPSI07:RPSI07_RS24455,False
RalstoniaPSI07,RalstoniaPSI07:RPSI07_RS24460,False
RalstoniaPSI07,RalstoniaPSI07:RPSI07_RS24565,False
RalstoniaPSI07,RalstoniaPSI07:RPSI07_RS24585,False
RalstoniaPSI07,RalstoniaPSI07:RPSI07_RS24625,False
RalstoniaPSI07,RalstoniaPSI07:RPSI07_RS24645,False
RalstoniaPSI07,RalstoniaPSI07:RPSI07_RS24660,False
RalstoniaPSI07,RalstoniaPSI07:RPSI07_RS24675,False
RalstoniaPSI07,RalstoniaPSI07:RPSI07_RS24710,False
RalstoniaPSI07,RalstoniaPSI07:RPSI07_RS24715,False
RalstoniaPSI07,RalstoniaPSI07:RPSI07_RS24720,False
RalstoniaPSI07,RalstoniaPSI07:RPSI07_RS24800,False
RalstoniaPSI07,RalstoniaPSI07:RPSI07_RS24805,False
RalstoniaPSI07,RalstoniaPSI07:RPSI07_RS24845,False
RalstoniaPSI07,RalstoniaPSI07:RPSI07_RS24850,False
RalstoniaPSI07,RalstoniaPSI07:RPSI07_RS24910,False
RalstoniaPSI07,RalstoniaPSI07:RPSI07_RS24955,False
RalstoniaPSI07,RalstoniaPSI07:RPSI07_RS25000,False
RalstoniaPSI07,RalstoniaPSI07:RPSI07_RS25030,False
RalstoniaPSI07,RalstoniaPSI07:RPSI07_RS25110,False
RalstoniaPSI07,RalstoniaPSI07:RPSI07_RS25130,False
RalstoniaPSI07,RalstoniaPSI07:RPSI07_RS25155,False
RalstoniaPSI07,RalstoniaPSI07:RPSI07_RS25165,False
RalstoniaPSI07,RalstoniaPSI07:RPSI07_RS25195,False
RalstoniaPSI07,RalstoniaPSI07:RPSI07_RS25230,False
RalstoniaPSI07,RalstoniaPSI07:RPSI07_RS25295,False
RalstoniaPSI07,RalstoniaPSI07:RPSI07_RS25320,False
RalstoniaPSI07,RalstoniaPSI07:RPSI07_RS25325,False
RalstoniaPSI07,RalstoniaPSI07:RPSI07_RS25330,False
RalstoniaPSI07,RalstoniaPSI07:RPSI07_RS25370,False
RalstoniaPSI07,RalstoniaPSI07:RPSI07_RS25380,False
RalstoniaPSI07,RalstoniaPSI07:RPSI07_RS25390,False
RalstoniaUW163,RalstoniaUW163:UW163_RS00250,False
RalstoniaUW163,RalstoniaUW163:UW163_RS00425,False
RalstoniaUW163,RalstoniaUW163:UW163_RS00475,False
RalstoniaUW163,RalstoniaUW163:UW163_RS00480,False
RalstoniaUW163,RalstoniaUW163:UW163_RS00800,False
RalstoniaUW163,RalstoniaUW163:UW163_RS00805,False
RalstoniaUW163,RalstoniaUW163:UW163_RS01515,False
RalstoniaUW163,RalstoniaUW163:UW163_RS02320,False
RalstoniaUW163,RalstoniaUW163:UW163_RS02360,False
RalstoniaUW163,RalstoniaUW163:UW163_RS02765,False
RalstoniaUW163,RalstoniaUW163:UW163_RS02825,False
RalstoniaUW163,RalstoniaUW163:UW163_RS03590,False
RalstoniaUW163,RalstoniaUW163:UW163_RS04245,False
RalstoniaUW163,RalstoniaUW163:UW163_RS04275,False
RalstoniaUW163,RalstoniaUW163:UW163_RS04415,False
RalstoniaUW163,RalstoniaUW163:UW163_RS04910,False
RalstoniaUW163,RalstoniaUW163:UW163_RS05015,False
RalstoniaUW163,RalstoniaUW163:UW163_RS05645,False
RalstoniaUW163,RalstoniaUW163:UW163_RS05805,False
RalstoniaUW163,RalstoniaUW163:UW163_RS05855,False
RalstoniaUW163,RalstoniaUW163:UW163_RS05950,False
RalstoniaUW163,RalstoniaUW163:UW163_RS07985,False
RalstoniaUW163,RalstoniaUW163:UW163_RS08015,False
RalstoniaUW163,RalstoniaUW163:UW163_RS08325,False
RalstoniaUW163,RalstoniaUW163:UW163_RS09350,False
RalstoniaUW163,RalstoniaUW163:UW163_RS09625,False
RalstoniaUW163,RalstoniaUW163:UW163_RS10435,False
RalstoniaUW163,RalstoniaUW163:UW163_RS11315,False
RalstoniaUW163,RalstoniaUW163:UW163_RS11325,False
RalstoniaUW163,RalstoniaUW163:UW163_RS11335,False
RalstoniaUW163,RalstoniaUW163:UW163_RS11610,False
RalstoniaUW163,RalstoniaUW163:UW163_RS13195,False
RalstoniaUW163,RalstoniaUW163:UW163_RS13930,False
RalstoniaUW163,RalstoniaUW163:UW163_RS14075,False
RalstoniaUW163,RalstoniaUW163:UW163_RS14145,False
RalstoniaUW163,RalstoniaUW163:UW163_RS14380,False
RalstoniaUW163,RalstoniaUW163:UW163_RS14640,False
RalstoniaUW163,RalstoniaUW163:UW163_RS14685,False
RalstoniaUW163,RalstoniaUW163:UW163_RS14770,False
RalstoniaUW163,RalstoniaUW163:UW163_RS15225,False
RalstoniaUW163,RalstoniaUW163:UW163_RS15285,False
RalstoniaUW163,RalstoniaUW163:UW163_RS15400,False
RalstoniaUW163,RalstoniaUW163:UW163_RS15595,False
RalstoniaUW163,RalstoniaUW163:UW163_RS15800,False
RalstoniaUW163,RalstoniaUW163:UW163_RS15920,False
RalstoniaUW163,RalstoniaUW163:UW163_RS16115,False
RalstoniaUW163,RalstoniaUW163:UW163_RS16600,False
RalstoniaUW163,RalstoniaUW163:UW163_RS16785,False
RalstoniaUW163,RalstoniaUW163:UW163_RS17280,False
RalstoniaUW163,RalstoniaUW163:UW163_RS17285,False
RalstoniaUW163,RalstoniaUW163:UW163_RS17635,False
RalstoniaUW163,RalstoniaUW163:UW163_RS17690,False
RalstoniaUW163,RalstoniaUW163:UW163_RS17885,False
RalstoniaUW163,RalstoniaUW163:UW163_RS18240,False
RalstoniaUW163,RalstoniaUW163:UW163_RS18390,False
RalstoniaUW163,RalstoniaUW163:UW163_RS18830,False
RalstoniaUW163,RalstoniaUW163:UW163_RS19155,False
RalstoniaUW163,RalstoniaUW163:UW163_RS19165,False
RalstoniaUW163,RalstoniaUW163:UW163_RS19220,False
RalstoniaUW163,RalstoniaUW163:UW163_RS19225,False
RalstoniaUW163,RalstoniaUW163:UW163_RS19830,False
RalstoniaUW163,RalstoniaUW163:UW163_RS20085,False
RalstoniaUW163,RalstoniaUW163:UW163_RS20625,False
RalstoniaUW163,RalstoniaUW163:UW163_RS21805,False
RalstoniaUW163,RalstoniaUW163:UW163_RS21880,False
RalstoniaUW163,RalstoniaUW163:UW163_RS21955,False
RalstoniaUW163,RalstoniaUW163:UW163_RS21960,False
RalstoniaUW163,RalstoniaUW163:UW163_RS21965,False
RalstoniaUW163,RalstoniaUW163:UW163_RS22050,False
RalstoniaUW163,RalstoniaUW163:UW163_RS22075,False
RalstoniaUW163,RalstoniaUW163:UW163_RS22160,False
RalstoniaUW163,RalstoniaUW163:UW163_RS22550,False
RalstoniaUW163,RalstoniaUW163:UW163_RS22570,False
RalstoniaUW163,RalstoniaUW163:UW163_RS22620,False
RalstoniaUW163,RalstoniaUW163:UW163_RS22630,False
RalstoniaUW163,RalstoniaUW163:UW163_RS22885,False
RalstoniaUW163,RalstoniaUW163:UW163_RS23130,False
RalstoniaUW163,RalstoniaUW163:UW163_RS23250,False
RalstoniaUW163,RalstoniaUW163:UW163_RS23320,False
RalstoniaUW163,RalstoniaUW163:UW163_RS23970,False
RalstoniaUW163,RalstoniaUW163:UW163_RS24100,False
RalstoniaUW163,RalstoniaUW163:UW163_RS24230,False
RalstoniaUW163,RalstoniaUW163:UW163_RS24290,False
RalstoniaUW163,RalstoniaUW163:UW163_RS24315,False
RalstoniaUW163,RalstoniaUW163:UW163_RS24355,False
RalstoniaUW163,RalstoniaUW163:UW163_RS24365,False
RalstoniaUW163,RalstoniaUW163:UW163_RS24370,False
RalstoniaUW163,RalstoniaUW163:UW163_RS24385,False
RalstoniaUW163,RalstoniaUW163:UW163_RS24395,False
RalstoniaUW163,RalstoniaUW163:UW163_RS24480,False
RalstoniaUW163,RalstoniaUW163:UW163_RS24500,False
RalstoniaUW163,RalstoniaUW163:UW163_RS24535,False
RalstoniaUW163,RalstoniaUW163:UW163_RS24540,False
RalstoniaUW163,RalstoniaUW163:UW163_RS24565,False
RalstoniaUW163,RalstoniaUW163:UW163_RS24595,False
RalstoniaUW163,RalstoniaUW163:UW163_RS24600,False
RalstoniaUW163,RalstoniaUW163:UW163_RS24605,False
RalstoniaUW163,RalstoniaUW163:UW163_RS24620,False
RalstoniaUW163,RalstoniaUW163:UW163_RS24640,False
RalstoniaUW163,RalstoniaUW163:UW163_RS24675,False
RalstoniaUW163,RalstoniaUW163:UW163_RS24685,False
RalstoniaUW163,RalstoniaUW163:UW163_RS24710,False
RalstoniaUW163,RalstoniaUW163:UW163_RS24715,False
RalstoniaUW163,RalstoniaUW163:UW163_RS24745,False
RalstoniaUW163,RalstoniaUW163:UW163_RS24780,False
RalstoniaUW163,RalstoniaUW163:UW163_RS24785,False
RalstoniaUW163,RalstoniaUW163:UW163_RS24820,False
RalstoniaUW163,RalstoniaUW163:UW163_RS24835,False
RalstoniaUW163,RalstoniaUW163:UW163_RS24840,False
RalstoniaUW163,RalstoniaUW163:UW163_RS24925,False
RalstoniaUW163,RalstoniaUW163:UW163_RS24955,False
RalstoniaUW163,RalstoniaUW163:UW163_RS24970,False
RalstoniaUW163,RalstoniaUW163:UW163_RS25015,False
RalstoniaUW163,RalstoniaUW163:UW163_RS25080,False
RalstoniaUW163,RalstoniaUW163:UW163_RS25130,False
RalstoniaUW163,RalstoniaUW163:UW163_RS25155,False
RalstoniaUW163,RalstoniaUW163:UW163_RS25175,False
RalstoniaUW163,RalstoniaUW163:UW163_RS25255,False
RalstoniaUW163,RalstoniaUW163:UW163_RS25265,False
RalstoniaUW163,RalstoniaUW163:UW163_RS25275,False
RalstoniaUW163,RalstoniaUW163:UW163_RS25285,False
RalstoniaUW163,RalstoniaUW163:UW163_RS25315,False
RalstoniaUW163,RalstoniaUW163:UW163_RS25350,False
RalstoniaUW163,RalstoniaUW163:UW163_RS25370,False
RalstoniaUW163,RalstoniaUW163:UW163_RS25385,False
RalstoniaUW163,RalstoniaUW163:UW163_RS25430,False
RalstoniaUW163,RalstoniaUW163:UW163_RS25485,False
RalstoniaUW163,RalstoniaUW163:UW163_RS25500,False
SB2B,SB2B:6935837,False
SB2B,SB2B:6935949,False
SB2B,SB2B:6936047,False
SB2B,SB2B:6936171,False
SB2B,SB2B:6936172,False
SB2B,SB2B:6936173,False
SB2B,SB2B:6936203,False
SB2B,SB2B:6936365,False
SB2B,SB2B:6936369,False
SB2B,SB2B:6936569,False
SB2B,SB2B:6937480,False
SB2B,SB2B:6937559,False
SB2B,SB2B:6937655,False
SB2B,SB2B:6938206,False
SB2B,SB2B:6938236,False
SB2B,SB2B:6938349,False
SB2B,SB2B:6938374,False
SB2B,SB2B:6938452,False
SB2B,SB2B:6938503,False
SB2B,SB2B:6938929,False
SB2B,SB2B:6938931,False
SB2B,SB2B:6939386,False
Smeli,Smeli:SMa2168,False
Smeli,Smeli:SMc01244,False
SynE,SynE:Synpcc7942_R0031,False
SyringaeB728a,SyringaeB728a:Psyr_0119,False
SyringaeB728a,SyringaeB728a:Psyr_0372,False
SyringaeB728a,SyringaeB728a:Psyr_0373,False
SyringaeB728a,SyringaeB728a:Psyr_0699,False
SyringaeB728a,SyringaeB728a:Psyr_0729,False
SyringaeB728a,SyringaeB728a:Psyr_0730,False
SyringaeB728a,SyringaeB728a:Psyr_0731,False
SyringaeB728a,SyringaeB728a:Psyr_0739,False
SyringaeB728a,SyringaeB728a:Psyr_0740,False
SyringaeB728a,SyringaeB728a:Psyr_0743,False
SyringaeB728a,SyringaeB728a:Psyr_0744,False
SyringaeB728a,SyringaeB728a:Psyr_0745,False
SyringaeB728a,SyringaeB728a:Psyr_0747,False
SyringaeB728a,SyringaeB728a:Psyr_0939,False
SyringaeB728a,SyringaeB728a:Psyr_0940,False
SyringaeB728a,SyringaeB728a:Psyr_1087,False
SyringaeB728a,SyringaeB728a:Psyr_1088,False
SyringaeB728a,SyringaeB728a:Psyr_1221,False
SyringaeB728a,SyringaeB728a:Psyr_1222,False
SyringaeB728a,SyringaeB728a:Psyr_1438,False
SyringaeB728a,SyringaeB728a:Psyr_1535,False
SyringaeB728a,SyringaeB728a:Psyr_1552,False
SyringaeB728a,SyringaeB728a:Psyr_1783,False
SyringaeB728a,SyringaeB728a:Psyr_1884,False
SyringaeB728a,SyringaeB728a:Psyr_1887,False
SyringaeB728a,SyringaeB728a:Psyr_1888,False
SyringaeB728a,SyringaeB728a:Psyr_1932,False
SyringaeB728a,SyringaeB728a:Psyr_2317,False
SyringaeB728a,SyringaeB728a:Psyr_2318,False
SyringaeB728a,SyringaeB728a:Psyr_2344,False
SyringaeB728a,SyringaeB728a:Psyr_2833,False
SyringaeB728a,SyringaeB728a:Psyr_2853,False
SyringaeB728a,SyringaeB728a:Psyr_2870,False
SyringaeB728a,SyringaeB728a:Psyr_2871,False
SyringaeB728a,SyringaeB728a:Psyr_3080,False
SyringaeB728a,SyringaeB728a:Psyr_3723,False
SyringaeB728a,SyringaeB728a:Psyr_3812,False
SyringaeB728a,SyringaeB728a:Psyr_4650,False
SyringaeB728a,SyringaeB728a:Psyr_4657,False
SyringaeB728a,SyringaeB728a:Psyr_4658,False
SyringaeB728a,SyringaeB728a:Psyr_RNA28,False
SyringaeB728a,SyringaeB728a:Psyr_RNA61,False
SyringaeB728a,SyringaeB728a:Psyr_RNA78,False
SyringaeB728a_mexBdelta,SyringaeB728a_mexBdelta:Psyr_0119,False
SyringaeB728a_mexBdelta,SyringaeB728a_mexBdelta:Psyr_0373,False
SyringaeB728a_mexBdelta,SyringaeB728a_mexBdelta:Psyr_0699,False
SyringaeB728a_mexBdelta,SyringaeB728a_mexBdelta:Psyr_0729,False
SyringaeB728a_mexBdelta,SyringaeB728a_mexBdelta:Psyr_0730,False
SyringaeB728a_mexBdelta,SyringaeB728a_mexBdelta:Psyr_0731,False
SyringaeB728a_mexBdelta,SyringaeB728a_mexBdelta:Psyr_0739,False
SyringaeB728a_mexBdelta,SyringaeB728a_mexBdelta:Psyr_0740,False
SyringaeB728a_mexBdelta,SyringaeB728a_mexBdelta:Psyr_0743,False
SyringaeB728a_mexBdelta,SyringaeB728a_mexBdelta:Psyr_0744,False
SyringaeB728a_mexBdelta,SyringaeB728a_mexBdelta:Psyr_0745,False
SyringaeB728a_mexBdelta,SyringaeB728a_mexBdelta:Psyr_0747,False
SyringaeB728a_mexBdelta,SyringaeB728a_mexBdelta:Psyr_0939,False
SyringaeB728a_mexBdelta,SyringaeB728a_mexBdelta:Psyr_0940,False
SyringaeB728a_mexBdelta,SyringaeB728a_mexBdelta:Psyr_1087,False
SyringaeB728a_mexBdelta,SyringaeB728a_mexBdelta:Psyr_1088,False
SyringaeB728a_mexBdelta,SyringaeB728a_mexBdelta:Psyr_1221,False
SyringaeB728a_mexBdelta,SyringaeB728a_mexBdelta:Psyr_1222,False
SyringaeB728a_mexBdelta,SyringaeB728a_mexBdelta:Psyr_1223,False
SyringaeB728a_mexBdelta,SyringaeB728a_mexBdelta:Psyr_1438,False
SyringaeB728a_mexBdelta,SyringaeB728a_mexBdelta:Psyr_1535,False
SyringaeB728a_mexBdelta,SyringaeB728a_mexBdelta:Psyr_1552,False
SyringaeB728a_mexBdelta,SyringaeB728a_mexBdelta:Psyr_1783,False
SyringaeB728a_mexBdelta,SyringaeB728a_mexBdelta:Psyr_1884,False
SyringaeB728a_mexBdelta,SyringaeB728a_mexBdelta:Psyr_1887,False
SyringaeB728a_mexBdelta,SyringaeB728a_mexBdelta:Psyr_1888,False
SyringaeB728a_mexBdelta,SyringaeB728a_mexBdelta:Psyr_1932,False
SyringaeB728a_mexBdelta,SyringaeB728a_mexBdelta:Psyr_2317,False
SyringaeB728a_mexBdelta,SyringaeB728a_mexBdelta:Psyr_2318,False
SyringaeB728a_mexBdelta,SyringaeB728a_mexBdelta:Psyr_2344,False
SyringaeB728a_mexBdelta,SyringaeB728a_mexBdelta:Psyr_2833,False
SyringaeB728a_mexBdelta,SyringaeB728a_mexBdelta:Psyr_2853,False
SyringaeB728a_mexBdelta,SyringaeB728a_mexBdelta:Psyr_2871,False
SyringaeB728a_mexBdelta,SyringaeB728a_mexBdelta:Psyr_3080,False
SyringaeB728a_mexBdelta,SyringaeB728a_mexBdelta:Psyr_3723,False
SyringaeB728a_mexBdelta,SyringaeB728a_mexBdelta:Psyr_3812,False
SyringaeB728a_mexBdelta,SyringaeB728a_mexBdelta:Psyr_4650,False
SyringaeB728a_mexBdelta,SyringaeB728a_mexBdelta:Psyr_4657,False
SyringaeB728a_mexBdelta,SyringaeB728a_mexBdelta:Psyr_4658,False
SyringaeB728a_mexBdelta,SyringaeB728a_mexBdelta:Psyr_RNA11,False
SyringaeB728a_mexBdelta,SyringaeB728a_mexBdelta:Psyr_RNA40,False
SyringaeB728a_mexBdelta,SyringaeB728a_mexBdelta:Psyr_RNA53,False
SyringaeB728a_mexBdelta,SyringaeB728a_mexBdelta:Psyr_RNA61,False
SyringaeB728a_mexBdelta,SyringaeB728a_mexBdelta:Psyr_RNA63,False
SyringaeB728a_mexBdelta,SyringaeB728a_mexBdelta:Psyr_RNA78,False
WCS417,WCS417:GFF117,False
WCS417,WCS417:GFF1376,False
WCS417,WCS417:GFF4462,False
WCS417,WCS417:GFF642,False
WCS417,WCS417:GFF770,False
acidovorax_3H11,acidovorax_3H11:Ac3H11_1044,False
acidovorax_3H11,acidovorax_3H11:Ac3H11_2979,False
acidovorax_3H11,acidovorax_3H11:Ac3H11_2983,False
acidovorax_3H11,acidovorax_3H11:Ac3H11_3094,False
acidovorax_3H11,acidovorax_3H11:Ac3H11_3095,False
acidovorax_3H11,acidovorax_3H11:Ac3H11_3097,False
acidovorax_3H11,acidovorax_3H11:Ac3H11_4224,False
acidovorax_3H11,acidovorax_3H11:Ac3H11_4226,False
acidovorax_3H11,acidovorax_3H11:Ac3H11_4228,False
acidovorax_3H11,acidovorax_3H11:Ac3H11_4830,False
acidovorax_3H11,acidovorax_3H11:Ac3H11_568,False
azobra,azobra:AZOBR_RS00015,False
azobra,azobra:AZOBR_RS00025,False
azobra,azobra:AZOBR_RS00030,False
azobra,azobra:AZOBR_RS00090,False
azobra,azobra:AZOBR_RS00100,False
azobra,azobra:AZOBR_RS00210,False
azobra,azobra:AZOBR_RS00240,False
azobra,azobra:AZOBR_RS00290,False
azobra,azobra:AZOBR_RS00380,False
azobra,azobra:AZOBR_RS00390,False
azobra,azobra:AZOBR_RS00400,False
azobra,azobra:AZOBR_RS00405,False
azobra,azobra:AZOBR_RS00450,False
azobra,azobra:AZOBR_RS00485,False
azobra,azobra:AZOBR_RS00665,False
azobra,azobra:AZOBR_RS00765,False
azobra,azobra:AZOBR_RS00925,False
azobra,azobra:AZOBR_RS01000,False
azobra,azobra:AZOBR_RS01015,False
azobra,azobra:AZOBR_RS01035,False
azobra,azobra:AZOBR_RS01050,False
azobra,azobra:AZOBR_RS01085,False
azobra,azobra:AZOBR_RS01110,False
azobra,azobra:AZOBR_RS01265,False
azobra,azobra:AZOBR_RS01275,False
azobra,azobra:AZOBR_RS01425,False
azobra,azobra:AZOBR_RS01525,False
azobra,azobra:AZOBR_RS01575,False
azobra,azobra:AZOBR_RS01640,False
azobra,azobra:AZOBR_RS01660,False
azobra,azobra:AZOBR_RS01700,False
azobra,azobra:AZOBR_RS01715,False
azobra,azobra:AZOBR_RS01905,False
azobra,azobra:AZOBR_RS01980,False
azobra,azobra:AZOBR_RS02030,False
azobra,azobra:AZOBR_RS02085,False
azobra,azobra:AZOBR_RS02395,False
azobra,azobra:AZOBR_RS02420,False
azobra,azobra:AZOBR_RS02460,False
azobra,azobra:AZOBR_RS02560,False
azobra,azobra:AZOBR_RS02570,False
azobra,azobra:AZOBR_RS02580,False
azobra,azobra:AZOBR_RS02585,False
azobra,azobra:AZOBR_RS02625,False
azobra,azobra:AZOBR_RS02650,False
azobra,azobra:AZOBR_RS02700,False
azobra,azobra:AZOBR_RS02750,False
azobra,azobra:AZOBR_RS02795,False
azobra,azobra:AZOBR_RS02850,False
azobra,azobra:AZOBR_RS02875,False
azobra,azobra:AZOBR_RS02990,False
azobra,azobra:AZOBR_RS03000,False
azobra,azobra:AZOBR_RS03025,False
azobra,azobra:AZOBR_RS03035,False
azobra,azobra:AZOBR_RS03075,False
azobra,azobra:AZOBR_RS03145,False
azobra,azobra:AZOBR_RS03250,False
azobra,azobra:AZOBR_RS03325,False
azobra,azobra:AZOBR_RS03330,False
azobra,azobra:AZOBR_RS03340,False
azobra,azobra:AZOBR_RS03360,False
azobra,azobra:AZOBR_RS03485,False
azobra,azobra:AZOBR_RS03535,False
azobra,azobra:AZOBR_RS03595,False
azobra,azobra:AZOBR_RS03655,False
azobra,azobra:AZOBR_RS03735,False
azobra,azobra:AZOBR_RS03760,False
azobra,azobra:AZOBR_RS03840,False
azobra,azobra:AZOBR_RS03925,False
azobra,azobra:AZOBR_RS04040,False
azobra,azobra:AZOBR_RS04255,False
azobra,azobra:AZOBR_RS04360,False
azobra,azobra:AZOBR_RS04450,False
azobra,azobra:AZOBR_RS04465,False
azobra,azobra:AZOBR_RS04550,False
azobra,azobra:AZOBR_RS04575,False
azobra,azobra:AZOBR_RS04620,False
azobra,azobra:AZOBR_RS04625,False
azobra,azobra:AZOBR_RS04665,False
azobra,azobra:AZOBR_RS04670,False
azobra,azobra:AZOBR_RS04685,False
azobra,azobra:AZOBR_RS04730,False
azobra,azobra:AZOBR_RS04765,False
azobra,azobra:AZOBR_RS04780,False
azobra,azobra:AZOBR_RS04825,False
azobra,azobra:AZOBR_RS04880,False
azobra,azobra:AZOBR_RS04930,False
azobra,azobra:AZOBR_RS04950,False
azobra,azobra:AZOBR_RS05095,False
azobra,azobra:AZOBR_RS05160,False
azobra,azobra:AZOBR_RS05235,False
azobra,azobra:AZOBR_RS05275,False
azobra,azobra:AZOBR_RS05370,False
azobra,azobra:AZOBR_RS05395,False
azobra,azobra:AZOBR_RS05420,False
azobra,azobra:AZOBR_RS05490,False
azobra,azobra:AZOBR_RS05545,False
azobra,azobra:AZOBR_RS05750,False
azobra,azobra:AZOBR_RS05805,False
azobra,azobra:AZOBR_RS05860,False
azobra,azobra:AZOBR_RS05870,False
azobra,azobra:AZOBR_RS05895,False
azobra,azobra:AZOBR_RS05915,False
azobra,azobra:AZOBR_RS05935,False
azobra,azobra:AZOBR_RS05960,False
azobra,azobra:AZOBR_RS05995,False
azobra,azobra:AZOBR_RS06070,False
azobra,azobra:AZOBR_RS06080,False
azobra,azobra:AZOBR_RS06095,False
azobra,azobra:AZOBR_RS06100,False
azobra,azobra:AZOBR_RS06285,False
azobra,azobra:AZOBR_RS06395,False
azobra,azobra:AZOBR_RS06545,False
azobra,azobra:AZOBR_RS06770,False
azobra,azobra:AZOBR_RS06805,False
azobra,azobra:AZOBR_RS06830,False
azobra,azobra:AZOBR_RS06895,False
azobra,azobra:AZOBR_RS06935,False
azobra,azobra:AZOBR_RS07010,False
azobra,azobra:AZOBR_RS07015,False
azobra,azobra:AZOBR_RS07055,False
azobra,azobra:AZOBR_RS07160,False
azobra,azobra:AZOBR_RS07400,False
azobra,azobra:AZOBR_RS07590,False
azobra,azobra:AZOBR_RS07685,False
azobra,azobra:AZOBR_RS07825,False
azobra,azobra:AZOBR_RS07930,False
azobra,azobra:AZOBR_RS07990,False
azobra,azobra:AZOBR_RS08100,False
azobra,azobra:AZOBR_RS08175,False
azobra,azobra:AZOBR_RS08220,False
azobra,azobra:AZOBR_RS08230,False
azobra,azobra:AZOBR_RS08360,False
azobra,azobra:AZOBR_RS08605,False
azobra,azobra:AZOBR_RS09090,False
azobra,azobra:AZOBR_RS09165,False
azobra,azobra:AZOBR_RS09235,False
azobra,azobra:AZOBR_RS09300,False
azobra,azobra:AZOBR_RS09355,False
azobra,azobra:AZOBR_RS09390,False
azobra,azobra:AZOBR_RS09395,False
azobra,azobra:AZOBR_RS09445,False
azobra,azobra:AZOBR_RS09585,False
azobra,azobra:AZOBR_RS09695,False
azobra,azobra:AZOBR_RS09700,False
azobra,azobra:AZOBR_RS09750,False
azobra,azobra:AZOBR_RS09895,False
azobra,azobra:AZOBR_RS09925,False
azobra,azobra:AZOBR_RS10000,False
azobra,azobra:AZOBR_RS10260,False
azobra,azobra:AZOBR_RS10370,False
azobra,azobra:AZOBR_RS10440,False
azobra,azobra:AZOBR_RS10550,False
azobra,azobra:AZOBR_RS10640,False
azobra,azobra:AZOBR_RS10660,False
azobra,azobra:AZOBR_RS10870,False
azobra,azobra:AZOBR_RS10885,False
azobra,azobra:AZOBR_RS10925,False
azobra,azobra:AZOBR_RS10935,False
azobra,azobra:AZOBR_RS11155,False
azobra,azobra:AZOBR_RS11175,False
azobra,azobra:AZOBR_RS11240,False
azobra,azobra:AZOBR_RS11615,False
azobra,azobra:AZOBR_RS11680,False
azobra,azobra:AZOBR_RS11715,False
azobra,azobra:AZOBR_RS11725,False
azobra,azobra:AZOBR_RS11775,False
azobra,azobra:AZOBR_RS11780,False
azobra,azobra:AZOBR_RS11940,False
azobra,azobra:AZOBR_RS12050,False
azobra,azobra:AZOBR_RS12055,False
azobra,azobra:AZOBR_RS12070,False
azobra,azobra:AZOBR_RS12075,False
azobra,azobra:AZOBR_RS12085,False
azobra,azobra:AZOBR_RS12205,False
azobra,azobra:AZOBR_RS12385,False
azobra,azobra:AZOBR_RS12390,False
azobra,azobra:AZOBR_RS12435,False
azobra,azobra:AZOBR_RS12460,False
azobra,azobra:AZOBR_RS12505,False
azobra,azobra:AZOBR_RS12515,False
azobra,azobra:AZOBR_RS12530,False
azobra,azobra:AZOBR_RS12580,False
azobra,azobra:AZOBR_RS12635,False
azobra,azobra:AZOBR_RS12760,False
azobra,azobra:AZOBR_RS12830,False
azobra,azobra:AZOBR_RS12860,False
azobra,azobra:AZOBR_RS12870,False
azobra,azobra:AZOBR_RS12905,False
azobra,azobra:AZOBR_RS13025,False
azobra,azobra:AZOBR_RS13035,False
azobra,azobra:AZOBR_RS13045,False
azobra,azobra:AZOBR_RS13095,False
azobra,azobra:AZOBR_RS13140,False
azobra,azobra:AZOBR_RS13180,False
azobra,azobra:AZOBR_RS13295,False
azobra,azobra:AZOBR_RS13315,False
azobra,azobra:AZOBR_RS13320,False
azobra,azobra:AZOBR_RS13395,False
azobra,azobra:AZOBR_RS13425,False
azobra,azobra:AZOBR_RS13500,False
azobra,azobra:AZOBR_RS13595,False
azobra,azobra:AZOBR_RS13660,False
azobra,azobra:AZOBR_RS13670,False
azobra,azobra:AZOBR_RS13740,False
azobra,azobra:AZOBR_RS13765,False
azobra,azobra:AZOBR_RS13815,False
azobra,azobra:AZOBR_RS13835,False
azobra,azobra:AZOBR_RS13870,False
azobra,azobra:AZOBR_RS14195,False
azobra,azobra:AZOBR_RS14235,False
azobra,azobra:AZOBR_RS14245,False
azobra,azobra:AZOBR_RS14265,False
azobra,azobra:AZOBR_RS14280,False
azobra,azobra:AZOBR_RS14345,False
azobra,azobra:AZOBR_RS14355,False
azobra,azobra:AZOBR_RS14370,False
azobra,azobra:AZOBR_RS14375,False
azobra,azobra:AZOBR_RS14380,False
azobra,azobra:AZOBR_RS14540,False
azobra,azobra:AZOBR_RS14560,False
azobra,azobra:AZOBR_RS14585,False
azobra,azobra:AZOBR_RS14680,False
azobra,azobra:AZOBR_RS14765,False
azobra,azobra:AZOBR_RS14800,False
azobra,azobra:AZOBR_RS14810,False
azobra,azobra:AZOBR_RS14820,False
azobra,azobra:AZOBR_RS14920,False
azobra,azobra:AZOBR_RS14925,False
azobra,azobra:AZOBR_RS14995,False
azobra,azobra:AZOBR_RS15075,False
azobra,azobra:AZOBR_RS15160,False
azobra,azobra:AZOBR_RS15180,False
azobra,azobra:AZOBR_RS15240,False
azobra,azobra:AZOBR_RS15345,False
azobra,azobra:AZOBR_RS15505,False
azobra,azobra:AZOBR_RS15590,False
azobra,azobra:AZOBR_RS15645,False
azobra,azobra:AZOBR_RS15815,False
azobra,azobra:AZOBR_RS15840,False
azobra,azobra:AZOBR_RS15855,False
azobra,azobra:AZOBR_RS15895,False
azobra,azobra:AZOBR_RS15925,False
azobra,azobra:AZOBR_RS15940,False
azobra,azobra:AZOBR_RS16130,False
azobra,azobra:AZOBR_RS16145,False
azobra,azobra:AZOBR_RS16190,False
azobra,azobra:AZOBR_RS16195,False
azobra,azobra:AZOBR_RS16360,False
azobra,azobra:AZOBR_RS16395,False
azobra,azobra:AZOBR_RS16410,False
azobra,azobra:AZOBR_RS16440,False
azobra,azobra:AZOBR_RS16525,False
azobra,azobra:AZOBR_RS16540,False
azobra,azobra:AZOBR_RS16570,False
azobra,azobra:AZOBR_RS16580,False
azobra,azobra:AZOBR_RS16590,False
azobra,azobra:AZOBR_RS16730,False
azobra,azobra:AZOBR_RS16790,False
azobra,azobra:AZOBR_RS16795,False
azobra,azobra:AZOBR_RS16870,False
azobra,azobra:AZOBR_RS16980,False
azobra,azobra:AZOBR_RS16995,False
azobra,azobra:AZOBR_RS17015,False
azobra,azobra:AZOBR_RS17050,False
azobra,azobra:AZOBR_RS17115,False
azobra,azobra:AZOBR_RS17180,False
azobra,azobra:AZOBR_RS17190,False
azobra,azobra:AZOBR_RS17235,False
azobra,azobra:AZOBR_RS17260,False
azobra,azobra:AZOBR_RS17265,False
azobra,azobra:AZOBR_RS17285,False
azobra,azobra:AZOBR_RS17315,False
azobra,azobra:AZOBR_RS17320,False
azobra,azobra:AZOBR_RS17400,False
azobra,azobra:AZOBR_RS17435,False
azobra,azobra:AZOBR_RS17465,False
azobra,azobra:AZOBR_RS17480,False
azobra,azobra:AZOBR_RS17500,False
azobra,azobra:AZOBR_RS17535,False
azobra,azobra:AZOBR_RS17560,False
azobra,azobra:AZOBR_RS17575,False
azobra,azobra:AZOBR_RS17620,False
azobra,azobra:AZOBR_RS17680,False
azobra,azobra:AZOBR_RS17735,False
azobra,azobra:AZOBR_RS17750,False
azobra,azobra:AZOBR_RS17755,False
azobra,azobra:AZOBR_RS17770,False
azobra,azobra:AZOBR_RS17785,False
azobra,azobra:AZOBR_RS17810,False
azobra,azobra:AZOBR_RS17835,False
azobra,azobra:AZOBR_RS17905,False
azobra,azobra:AZOBR_RS17910,False
azobra,azobra:AZOBR_RS17915,False
azobra,azobra:AZOBR_RS17925,False
azobra,azobra:AZOBR_RS17930,False
azobra,azobra:AZOBR_RS17975,False
azobra,azobra:AZOBR_RS18005,False
azobra,azobra:AZOBR_RS18025,False
azobra,azobra:AZOBR_RS18050,False
azobra,azobra:AZOBR_RS18055,False
azobra,azobra:AZOBR_RS18185,False
azobra,azobra:AZOBR_RS18195,False
azobra,azobra:AZOBR_RS18200,False
azobra,azobra:AZOBR_RS18235,False
azobra,azobra:AZOBR_RS18250,False
azobra,azobra:AZOBR_RS18260,False
azobra,azobra:AZOBR_RS18330,False
azobra,azobra:AZOBR_RS18350,False
azobra,azobra:AZOBR_RS18355,False
azobra,azobra:AZOBR_RS18375,False
azobra,azobra:AZOBR_RS18425,False
azobra,azobra:AZOBR_RS18500,False
azobra,azobra:AZOBR_RS18570,False
azobra,azobra:AZOBR_RS18590,False
azobra,azobra:AZOBR_RS18675,False
azobra,azobra:AZOBR_RS18715,False
azobra,azobra:AZOBR_RS18735,False
azobra,azobra:AZOBR_RS18745,False
azobra,azobra:AZOBR_RS18960,False
azobra,azobra:AZOBR_RS19050,False
azobra,azobra:AZOBR_RS19120,False
azobra,azobra:AZOBR_RS19125,False
azobra,azobra:AZOBR_RS19300,False
azobra,azobra:AZOBR_RS19335,False
azobra,azobra:AZOBR_RS19350,False
azobra,azobra:AZOBR_RS19355,False
azobra,azobra:AZOBR_RS19395,False
azobra,azobra:AZOBR_RS19410,False
azobra,azobra:AZOBR_RS19450,False
azobra,azobra:AZOBR_RS19460,False
azobra,azobra:AZOBR_RS19520,False
azobra,azobra:AZOBR_RS19525,False
azobra,azobra:AZOBR_RS19550,False
azobra,azobra:AZOBR_RS19625,False
azobra,azobra:AZOBR_RS19825,False
azobra,azobra:AZOBR_RS19960,False
azobra,azobra:AZOBR_RS19975,False
azobra,azobra:AZOBR_RS20065,False
azobra,azobra:AZOBR_RS20140,False
azobra,azobra:AZOBR_RS20285,False
azobra,azobra:AZOBR_RS20305,False
azobra,azobra:AZOBR_RS20325,False
azobra,azobra:AZOBR_RS20360,False
azobra,azobra:AZOBR_RS20445,False
azobra,azobra:AZOBR_RS20555,False
azobra,azobra:AZOBR_RS20560,False
azobra,azobra:AZOBR_RS20590,False
azobra,azobra:AZOBR_RS20655,False
azobra,azobra:AZOBR_RS20675,False
azobra,azobra:AZOBR_RS20695,False
azobra,azobra:AZOBR_RS20765,False
azobra,azobra:AZOBR_RS20855,False
azobra,azobra:AZOBR_RS20925,False
azobra,azobra:AZOBR_RS20970,False
azobra,azobra:AZOBR_RS20980,False
azobra,azobra:AZOBR_RS21000,False
azobra,azobra:AZOBR_RS21035,False
azobra,azobra:AZOBR_RS21125,False
azobra,azobra:AZOBR_RS21150,False
azobra,azobra:AZOBR_RS21160,False
azobra,azobra:AZOBR_RS21175,False
azobra,azobra:AZOBR_RS21210,False
azobra,azobra:AZOBR_RS21225,False
azobra,azobra:AZOBR_RS21270,False
azobra,azobra:AZOBR_RS21290,False
azobra,azobra:AZOBR_RS21460,False
azobra,azobra:AZOBR_RS21470,False
azobra,azobra:AZOBR_RS21525,False
azobra,azobra:AZOBR_RS21550,False
azobra,azobra:AZOBR_RS21565,False
azobra,azobra:AZOBR_RS21635,False
azobra,azobra:AZOBR_RS21655,False
azobra,azobra:AZOBR_RS21660,False
azobra,azobra:AZOBR_RS21665,False
azobra,azobra:AZOBR_RS21715,False
azobra,azobra:AZOBR_RS21785,False
azobra,azobra:AZOBR_RS22035,False
azobra,azobra:AZOBR_RS22090,False
azobra,azobra:AZOBR_RS22170,False
azobra,azobra:AZOBR_RS22225,False
azobra,azobra:AZOBR_RS22260,False
azobra,azobra:AZOBR_RS22445,False
azobra,azobra:AZOBR_RS22495,False
azobra,azobra:AZOBR_RS22575,False
azobra,azobra:AZOBR_RS22620,False
azobra,azobra:AZOBR_RS22680,False
azobra,azobra:AZOBR_RS22715,False
azobra,azobra:AZOBR_RS22785,False
azobra,azobra:AZOBR_RS22840,False
azobra,azobra:AZOBR_RS22880,False
azobra,azobra:AZOBR_RS22885,False
azobra,azobra:AZOBR_RS22890,False
azobra,azobra:AZOBR_RS22910,False
azobra,azobra:AZOBR_RS22920,False
azobra,azobra:AZOBR_RS22935,False
azobra,azobra:AZOBR_RS22980,False
azobra,azobra:AZOBR_RS22990,False
azobra,azobra:AZOBR_RS22995,False
azobra,azobra:AZOBR_RS23000,False
azobra,azobra:AZOBR_RS23005,False
azobra,azobra:AZOBR_RS23060,False
azobra,azobra:AZOBR_RS23230,False
azobra,azobra:AZOBR_RS23245,False
azobra,azobra:AZOBR_RS23330,False
azobra,azobra:AZOBR_RS23345,False
azobra,azobra:AZOBR_RS23350,False
azobra,azobra:AZOBR_RS23360,False
azobra,azobra:AZOBR_RS23465,False
azobra,azobra:AZOBR_RS23515,False
azobra,azobra:AZOBR_RS23575,False
azobra,azobra:AZOBR_RS23585,False
azobra,azobra:AZOBR_RS23610,False
azobra,azobra:AZOBR_RS23630,False
azobra,azobra:AZOBR_RS23655,False
azobra,azobra:AZOBR_RS23670,False
azobra,azobra:AZOBR_RS23675,False
azobra,azobra:AZOBR_RS23680,False
azobra,azobra:AZOBR_RS23745,False
azobra,azobra:AZOBR_RS23850,False
azobra,azobra:AZOBR_RS23875,False
azobra,azobra:AZOBR_RS23880,False
azobra,azobra:AZOBR_RS23935,False
azobra,azobra:AZOBR_RS23950,False
azobra,azobra:AZOBR_RS24045,False
azobra,azobra:AZOBR_RS24060,False
azobra,azobra:AZOBR_RS24120,False
azobra,azobra:AZOBR_RS24125,False
azobra,azobra:AZOBR_RS24145,False
azobra,azobra:AZOBR_RS24170,False
azobra,azobra:AZOBR_RS24240,False
azobra,azobra:AZOBR_RS24260,False
azobra,azobra:AZOBR_RS24285,False
azobra,azobra:AZOBR_RS24290,False
azobra,azobra:AZOBR_RS24340,False
azobra,azobra:AZOBR_RS24390,False
azobra,azobra:AZOBR_RS24415,False
azobra,azobra:AZOBR_RS24425,False
azobra,azobra:AZOBR_RS24470,False
azobra,azobra:AZOBR_RS24490,False
azobra,azobra:AZOBR_RS24620,False
azobra,azobra:AZOBR_RS24665,False
azobra,azobra:AZOBR_RS24725,False
azobra,azobra:AZOBR_RS24730,False
azobra,azobra:AZOBR_RS24745,False
azobra,azobra:AZOBR_RS24785,False
azobra,azobra:AZOBR_RS24805,False
azobra,azobra:AZOBR_RS24835,False
azobra,azobra:AZOBR_RS24850,False
azobra,azobra:AZOBR_RS24965,False
azobra,azobra:AZOBR_RS24970,False
azobra,azobra:AZOBR_RS24975,False
azobra,azobra:AZOBR_RS24985,False
azobra,azobra:AZOBR_RS25145,False
azobra,azobra:AZOBR_RS25240,False
azobra,azobra:AZOBR_RS25245,False
azobra,azobra:AZOBR_RS25250,False
azobra,azobra:AZOBR_RS25285,False
azobra,azobra:AZOBR_RS25290,False
azobra,azobra:AZOBR_RS25320,False
azobra,azobra:AZOBR_RS25360,False
azobra,azobra:AZOBR_RS25450,False
azobra,azobra:AZOBR_RS25500,False
azobra,azobra:AZOBR_RS25565,False
azobra,azobra:AZOBR_RS25615,False
azobra,azobra:AZOBR_RS25750,False
azobra,azobra:AZOBR_RS25755,False
azobra,azobra:AZOBR_RS25765,False
azobra,azobra:AZOBR_RS25780,False
azobra,azobra:AZOBR_RS25785,False
azobra,azobra:AZOBR_RS25790,False
azobra,azobra:AZOBR_RS25795,False
azobra,azobra:AZOBR_RS25805,False
azobra,azobra:AZOBR_RS26040,False
azobra,azobra:AZOBR_RS26070,False
azobra,azobra:AZOBR_RS26085,False
azobra,azobra:AZOBR_RS26115,False
azobra,azobra:AZOBR_RS26120,False
azobra,azobra:AZOBR_RS26125,False
azobra,azobra:AZOBR_RS26135,False
azobra,azobra:AZOBR_RS26140,False
azobra,azobra:AZOBR_RS26145,False
azobra,azobra:AZOBR_RS26160,False
azobra,azobra:AZOBR_RS26180,False
azobra,azobra:AZOBR_RS26300,False
azobra,azobra:AZOBR_RS26305,False
azobra,azobra:AZOBR_RS26315,False
azobra,azobra:AZOBR_RS26340,False
azobra,azobra:AZOBR_RS26345,False
azobra,azobra:AZOBR_RS26465,False
azobra,azobra:AZOBR_RS26630,False
azobra,azobra:AZOBR_RS26650,False
azobra,azobra:AZOBR_RS26690,False
azobra,azobra:AZOBR_RS26745,False
azobra,azobra:AZOBR_RS26750,False
azobra,azobra:AZOBR_RS26950,False
azobra,azobra:AZOBR_RS27170,False
azobra,azobra:AZOBR_RS27260,False
azobra,azobra:AZOBR_RS27270,False
azobra,azobra:AZOBR_RS27275,False
azobra,azobra:AZOBR_RS27295,False
azobra,azobra:AZOBR_RS27385,False
azobra,azobra:AZOBR_RS27425,False
azobra,azobra:AZOBR_RS27445,False
azobra,azobra:AZOBR_RS27450,False
azobra,azobra:AZOBR_RS27515,False
azobra,azobra:AZOBR_RS27525,False
azobra,azobra:AZOBR_RS27665,False
azobra,azobra:AZOBR_RS27670,False
azobra,azobra:AZOBR_RS27685,False
azobra,azobra:AZOBR_RS27690,False
azobra,azobra:AZOBR_RS27840,False
azobra,azobra:AZOBR_RS28010,False
azobra,azobra:AZOBR_RS28015,False
azobra,azobra:AZOBR_RS28160,False
azobra,azobra:AZOBR_RS28190,False
azobra,azobra:AZOBR_RS28225,False
azobra,azobra:AZOBR_RS28255,False
azobra,azobra:AZOBR_RS28300,False
azobra,azobra:AZOBR_RS28325,False
azobra,azobra:AZOBR_RS28335,False
azobra,azobra:AZOBR_RS28405,False
azobra,azobra:AZOBR_RS28425,False
azobra,azobra:AZOBR_RS28435,False
azobra,azobra:AZOBR_RS28445,False
azobra,azobra:AZOBR_RS28450,False
azobra,azobra:AZOBR_RS28480,False
azobra,azobra:AZOBR_RS28600,False
azobra,azobra:AZOBR_RS28735,False
azobra,azobra:AZOBR_RS28740,False
azobra,azobra:AZOBR_RS28770,False
azobra,azobra:AZOBR_RS28780,False
azobra,azobra:AZOBR_RS28815,False
azobra,azobra:AZOBR_RS28845,False
azobra,azobra:AZOBR_RS28875,False
azobra,azobra:AZOBR_RS28880,False
azobra,azobra:AZOBR_RS28885,False
azobra,azobra:AZOBR_RS28905,False
azobra,azobra:AZOBR_RS28935,False
azobra,azobra:AZOBR_RS28965,False
azobra,azobra:AZOBR_RS28990,False
azobra,azobra:AZOBR_RS29000,False
azobra,azobra:AZOBR_RS29060,False
azobra,azobra:AZOBR_RS29100,False
azobra,azobra:AZOBR_RS29115,False
azobra,azobra:AZOBR_RS29145,False
azobra,azobra:AZOBR_RS29165,False
azobra,azobra:AZOBR_RS29305,False
azobra,azobra:AZOBR_RS29365,False
azobra,azobra:AZOBR_RS29420,False
azobra,azobra:AZOBR_RS29425,False
azobra,azobra:AZOBR_RS29505,False
azobra,azobra:AZOBR_RS29580,False
azobra,azobra:AZOBR_RS29585,False
azobra,azobra:AZOBR_RS29605,False
azobra,azobra:AZOBR_RS29645,False
azobra,azobra:AZOBR_RS29710,False
azobra,azobra:AZOBR_RS29785,False
azobra,azobra:AZOBR_RS30010,False
azobra,azobra:AZOBR_RS30140,False
azobra,azobra:AZOBR_RS30155,False
azobra,azobra:AZOBR_RS30205,False
azobra,azobra:AZOBR_RS30230,False
azobra,azobra:AZOBR_RS30235,False
azobra,azobra:AZOBR_RS30325,False
azobra,azobra:AZOBR_RS30375,False
azobra,azobra:AZOBR_RS30380,False
azobra,azobra:AZOBR_RS30420,False
azobra,azobra:AZOBR_RS30495,False
azobra,azobra:AZOBR_RS30510,False
azobra,azobra:AZOBR_RS30540,False
azobra,azobra:AZOBR_RS30555,False
azobra,azobra:AZOBR_RS30600,False
azobra,azobra:AZOBR_RS30640,False
azobra,azobra:AZOBR_RS30665,False
azobra,azobra:AZOBR_RS30675,False
azobra,azobra:AZOBR_RS30695,False
azobra,azobra:AZOBR_RS30835,False
azobra,azobra:AZOBR_RS30850,False
azobra,azobra:AZOBR_RS30900,False
azobra,azobra:AZOBR_RS30905,False
azobra,azobra:AZOBR_RS31045,False
azobra,azobra:AZOBR_RS31095,False
azobra,azobra:AZOBR_RS31125,False
azobra,azobra:AZOBR_RS31145,False
azobra,azobra:AZOBR_RS31310,False
azobra,azobra:AZOBR_RS31435,False
azobra,azobra:AZOBR_RS31460,False
azobra,azobra:AZOBR_RS31490,False
azobra,azobra:AZOBR_RS31500,False
azobra,azobra:AZOBR_RS31505,False
azobra,azobra:AZOBR_RS31525,False
azobra,azobra:AZOBR_RS31575,False
azobra,azobra:AZOBR_RS31590,False
azobra,azobra:AZOBR_RS31750,False
azobra,azobra:AZOBR_RS31755,False
azobra,azobra:AZOBR_RS31765,False
azobra,azobra:AZOBR_RS31775,False
azobra,azobra:AZOBR_RS31830,False
azobra,azobra:AZOBR_RS31835,False
azobra,azobra:AZOBR_RS31845,False
azobra,azobra:AZOBR_RS32015,False
azobra,azobra:AZOBR_RS32045,False
azobra,azobra:AZOBR_RS32245,False
azobra,azobra:AZOBR_RS32250,False
azobra,azobra:AZOBR_RS32285,False
azobra,azobra:AZOBR_RS32315,False
azobra,azobra:AZOBR_RS32340,False
azobra,azobra:AZOBR_RS32345,False
azobra,azobra:AZOBR_RS32360,False
azobra,azobra:AZOBR_RS32450,False
azobra,azobra:AZOBR_RS32460,False
azobra,azobra:AZOBR_RS32470,False
azobra,azobra:AZOBR_RS32635,False
azobra,azobra:AZOBR_RS32680,False
azobra,azobra:AZOBR_RS32700,False
azobra,azobra:AZOBR_RS32715,False
azobra,azobra:AZOBR_RS32720,False
azobra,azobra:AZOBR_RS32775,False
azobra,azobra:AZOBR_RS32825,False
azobra,azobra:AZOBR_RS32830,False
azobra,azobra:AZOBR_RS32915,False
azobra,azobra:AZOBR_RS32980,False
azobra,azobra:AZOBR_RS33000,False
azobra,azobra:AZOBR_RS33005,False
azobra,azobra:AZOBR_RS33025,False
azobra,azobra:AZOBR_RS33030,False
azobra,azobra:AZOBR_RS33165,False
azobra,azobra:AZOBR_RS33190,False
azobra,azobra:AZOBR_RS33365,False
azobra,azobra:AZOBR_RS33400,False
azobra,azobra:AZOBR_RS33435,False
azobra,azobra:AZOBR_RS33450,False
azobra,azobra:AZOBR_RS33455,False
azobra,azobra:AZOBR_RS33480,False
azobra,azobra:AZOBR_RS33500,False
azobra,azobra:AZOBR_RS33530,False
azobra,azobra:AZOBR_RS33545,False
azobra,azobra:AZOBR_RS33570,False
azobra,azobra:AZOBR_RS33640,False
azobra,azobra:AZOBR_RS33650,False
azobra,azobra:AZOBR_RS33700,False
azobra,azobra:AZOBR_RS33740,False
azobra,azobra:AZOBR_RS33745,False
azobra,azobra:AZOBR_RS33750,False
azobra,azobra:AZOBR_RS33815,False
azobra,azobra:AZOBR_RS33820,False
azobra,azobra:AZOBR_RS33855,False
azobra,azobra:AZOBR_RS33890,False
azobra,azobra:AZOBR_RS33895,False
azobra,azobra:AZOBR_RS33920,False
azobra,azobra:AZOBR_RS33935,False
azobra,azobra:GFF1676,False
azobra,azobra:GFF1677,False
azobra,azobra:GFF2272,False
psRCH2,psRCH2:GFF1481,False
psRCH2,psRCH2:GFF2850,False
psRCH2,psRCH2:GFF2919,False
psRCH2,psRCH2:GFF2993,False
pseudo13_GW456_L13,pseudo13_GW456_L13:PfGW456L13_5163,False
pseudo13_GW456_L13,pseudo13_GW456_L13:PfGW456L13_5218,False
pseudo13_GW456_L13,pseudo13_GW456_L13:PfGW456L13_5237,False
pseudo13_GW456_L13,pseudo13_GW456_L13:PfGW456L13_5241,False
pseudo1_N1B4,pseudo1_N1B4:Pf1N1B4_5187,False
pseudo1_N1B4,pseudo1_N1B4:Pf1N1B4_5219,False
pseudo1_N1B4,pseudo1_N1B4:Pf1N1B4_5224,False
pseudo3_N2E3,pseudo3_N2E3:AO353_05535,False
pseudo3_N2E3,pseudo3_N2E3:AO353_11125,False
pseudo3_N2E3,pseudo3_N2E3:AO353_17525,False
pseudo3_N2E3,pseudo3_N2E3:AO353_20565,False
pseudo5_N2C3_1,pseudo5_N2C3_1:AO356_00870,False
pseudo5_N2C3_1,pseudo5_N2C3_1:AO356_04700,False
pseudo5_N2C3_1,pseudo5_N2C3_1:AO356_07385,False
pseudo5_N2C3_1,pseudo5_N2C3_1:AO356_10815,False
pseudo5_N2C3_1,pseudo5_N2C3_1:AO356_19285,False
pseudo5_N2C3_1,pseudo5_N2C3_1:AO356_21320,False
pseudo6_N2E2,pseudo6_N2E2:Pf6N2E2_6095,False
pseudo6_N2E2,pseudo6_N2E2:Pf6N2E2_6099,False
pseudo6_N2E2,pseudo6_N2E2:Pf6N2E2_6100,False
pseudo6_N2E2,pseudo6_N2E2:Pf6N2E2_6113,False
pseudo6_N2E2,pseudo6_N2E2:Pf6N2E2_6130,False
pseudo6_N2E2,pseudo6_N2E2:Pf6N2E2_6140,False
pseudo6_N2E2,pseudo6_N2E2:Pf6N2E2_6164,False
